timeline,phase,kind,requests,FCFS,SCAN,C-SCAN,SSTF,Selector,Best,pick,confidence,optimal
0,0,sequential,12,151,51,51,51,51,51,SCAN,1.0,True
0,0,sequential,16,204,133,133,133,133,133,SCAN,1.0,True
0,0,sequential,15,256,153,153,153,153,153,SCAN,1.0,True
0,0,sequential,13,63,22,22,22,22,22,SCAN,1.0,True
0,0,sequential,9,151,90,90,90,90,90,SCAN,0.9629629629629629,True
0,0,sequential,23,204,47,47,47,47,47,SCAN,1.0,True
0,0,sequential,14,212,134,134,134,134,134,SCAN,1.0,True
0,0,sequential,11,219,96,96,96,96,96,SCAN,1.0,True
0,0,sequential,13,161,25,393,25,25,25,SCAN,0.9695431472081218,True
0,0,sequential,11,141,73,344,73,73,73,SCAN,0.9695431472081218,True
0,0,sequential,9,142,123,123,123,123,123,SCAN,0.9629629629629629,True
0,0,sequential,13,112,28,28,28,28,28,SCAN,1.0,True
0,0,sequential,11,170,70,350,70,70,70,SCAN,0.9695431472081218,True
0,0,sequential,8,82,152,379,22,22,22,SSTF,0.9269521410579346,True
0,0,sequential,12,234,132,132,132,132,132,SCAN,1.0,True
0,0,sequential,13,174,82,336,82,82,82,SCAN,0.9695431472081218,True
0,0,sequential,15,147,51,366,51,51,51,SCAN,0.9695431472081218,True
0,0,sequential,13,134,63,352,63,63,63,SCAN,0.9695431472081218,True
0,0,sequential,13,155,97,318,97,97,97,SCAN,0.9695431472081218,True
0,0,sequential,17,184,98,98,98,98,98,SCAN,1.0,True
0,0,sequential,19,89,202,394,22,22,22,SSTF,0.8883792048929664,True
0,0,sequential,11,76,38,38,38,38,38,SCAN,1.0,True
0,0,sequential,24,154,92,316,92,92,92,SCAN,0.9941451990632318,True
0,0,sequential,22,85,30,30,30,30,30,SCAN,1.0,True
0,0,sequential,15,77,57,57,57,57,57,SCAN,1.0,True
0,0,sequential,11,119,115,285,115,119,115,FCFS,1.0,False
0,0,sequential,8,66,62,62,62,62,62,SCAN,0.9629629629629629,True
0,0,sequential,14,122,114,288,114,122,114,FCFS,0.9,False
0,0,sequential,15,76,68,68,68,68,68,SCAN,1.0,True
0,0,sequential,11,73,64,64,64,64,64,SCAN,1.0,True
0,0,sequential,12,29,24,24,24,24,24,SCAN,1.0,True
0,0,sequential,13,117,117,285,117,117,117,FCFS,1.0,True
0,0,sequential,10,107,91,312,91,91,91,SCAN,0.9695431472081218,True
0,0,sequential,15,140,101,304,101,101,101,SCAN,0.9695431472081218,True
0,0,sequential,21,111,49,360,49,49,49,SCAN,0.9941451990632318,True
0,0,sequential,23,242,134,279,134,134,134,SCAN,0.9941451990632318,True
0,0,sequential,12,127,49,364,49,49,49,SCAN,0.9695431472081218,True
0,0,sequential,8,142,56,358,56,56,56,SCAN,0.9695431472081218,True
0,0,sequential,17,174,59,358,59,59,59,SCAN,0.9695431472081218,True
0,0,sequential,21,189,99,318,99,99,99,SCAN,0.9941451990632318,True
0,0,sequential,17,124,32,32,32,32,32,SCAN,1.0,True
0,0,sequential,22,298,70,350,70,70,70,SCAN,0.9941451990632318,True
0,0,sequential,11,239,149,270,149,149,149,SCAN,0.9695431472081218,True
0,0,sequential,15,259,129,291,129,129,129,SCAN,0.9695431472081218,True
0,0,sequential,21,291,83,338,83,83,83,SCAN,0.9941451990632318,True
0,0,sequential,16,328,385,387,228,228,228,SSTF,0.9778516057585825,True
0,0,sequential,18,1145,311,342,244,244,244,SSTF,0.8640284119736175,True
0,0,sequential,11,838,250,276,238,238,238,SSTF,0.7128205128205128,True
0,0,sequential,14,835,275,293,257,275,257,SCAN,0.6210045662100456,False
0,0,sequential,21,2184,209,397,189,209,189,SCAN,0.853448275862069,False
0,0,sequential,11,928,378,381,203,203,203,SSTF,0.8640284119736175,True
0,0,sequential,24,648,378,378,219,219,219,SSTF,0.8883792048929664,True
0,0,sequential,11,139,37,37,37,37,37,SCAN,1.0,True
0,0,sequential,19,263,140,140,140,140,140,SCAN,1.0,True
0,0,sequential,12,233,66,66,66,66,66,SCAN,1.0,True
0,0,sequential,17,300,56,56,56,56,56,SCAN,1.0,True
0,0,sequential,18,295,48,48,48,48,48,SCAN,1.0,True
0,0,sequential,16,284,100,100,100,100,100,SCAN,1.0,True
0,0,sequential,22,433,41,394,41,41,41,SCAN,0.9941451990632318,True
0,0,sequential,15,414,133,133,133,133,133,SCAN,1.0,True
0,0,sequential,17,375,154,154,154,154,154,SCAN,1.0,True
0,0,sequential,16,299,114,114,114,114,114,SCAN,1.0,True
0,0,sequential,14,196,146,397,47,47,47,SSTF,0.9269521410579346,True
0,0,sequential,18,395,71,371,71,71,71,SCAN,0.9695431472081218,True
0,0,sequential,16,310,58,58,58,58,58,SCAN,1.0,True
0,0,sequential,25,578,166,389,63,63,63,SSTF,0.9269521410579346,True
0,0,sequential,17,270,154,367,56,56,56,SSTF,0.9269521410579346,True
0,0,sequential,14,357,53,53,53,53,53,SCAN,1.0,True
0,0,sequential,13,362,62,62,62,62,62,SCAN,1.0,True
0,0,sequential,13,305,76,76,76,76,76,SCAN,1.0,True
0,0,sequential,11,325,173,356,53,53,53,SSTF,0.9269521410579346,True
0,0,sequential,17,500,109,109,109,109,109,SCAN,1.0,True
0,0,sequential,18,360,210,377,75,75,75,SSTF,0.9269521410579346,True
0,0,sequential,7,247,98,350,98,98,98,SCAN,0.9695431472081218,True
0,0,sequential,21,553,115,336,115,115,115,SCAN,0.9941451990632318,True
0,0,sequential,12,222,230,376,75,75,75,SSTF,0.9778516057585825,True
0,0,sequential,13,366,232,371,74,74,74,SSTF,0.9778516057585825,True
0,0,sequential,16,641,72,381,72,72,72,SCAN,0.9695431472081218,True
0,0,sequential,21,626,130,328,130,130,130,SCAN,0.9941451990632318,True
0,0,sequential,18,477,77,77,77,77,77,SCAN,1.0,True
0,0,sequential,26,877,129,331,129,129,129,SCAN,0.9941451990632318,True
0,0,sequential,10,206,90,90,90,90,90,SCAN,0.9629629629629629,True
0,0,sequential,21,660,87,87,87,87,87,SCAN,1.0,True
0,0,sequential,20,582,89,369,89,89,89,SCAN,0.9695431472081218,True
0,0,sequential,19,573,141,315,141,141,141,SCAN,0.9695431472081218,True
0,0,sequential,14,495,66,66,66,66,66,SCAN,1.0,True
0,0,sequential,14,461,80,80,80,80,80,SCAN,1.0,True
0,0,sequential,18,569,127,331,127,127,127,SCAN,0.9695431472081218,True
0,0,sequential,10,395,105,352,105,105,105,SCAN,0.9695431472081218,True
0,0,sequential,11,412,318,345,68,68,68,SSTF,0.9778516057585825,True
0,0,sequential,20,715,152,312,152,152,152,SCAN,0.9695431472081218,True
0,0,sequential,10,156,93,368,93,93,93,SCAN,0.9695431472081218,True
0,0,sequential,17,392,80,383,80,80,80,SCAN,0.9695431472081218,True
0,0,sequential,19,1789,359,359,284,284,284,SSTF,0.8640284119736175,True
0,0,sequential,15,980,265,379,160,160,160,SSTF,0.8640284119736175,True
0,0,sequential,10,430,161,161,161,161,161,SCAN,0.9629629629629629,True
0,0,sequential,20,1888,175,175,175,175,175,SCAN,1.0,True
0,0,sequential,15,1136,220,317,184,184,184,SSTF,0.7128205128205128,True
0,0,sequential,22,690,139,139,139,139,139,SSTF,0.8883792048929664,True
0,0,sequential,20,1285,239,312,193,193,193,SSTF,0.7128205128205128,True
0,1,random,28,2006,209,392,181,209,181,SCAN,0.6210045662100456,False
0,1,random,19,1490,370,394,228,228,228,SSTF,0.8883792048929664,True
0,1,random,27,1530,258,396,256,258,256,SCAN,0.6210045662100456,False
0,1,random,20,1681,199,387,199,199,199,SCAN,0.8666666666666667,True
0,1,random,24,1952,197,396,344,197,197,SCAN,0.6210045662100456,True
0,1,random,20,1229,234,397,262,234,234,SCAN,0.6210045662100456,True
0,1,random,29,2328,282,396,292,282,282,SCAN,0.5265423242467718,True
0,1,random,33,1601,289,397,286,289,286,SCAN,0.6210045662100456,False
0,1,random,23,1120,316,395,220,220,220,SSTF,0.9778516057585825,True
0,1,random,23,1158,277,394,267,267,267,SSTF,0.7128205128205128,True
0,1,random,16,1151,356,394,217,217,217,SSTF,0.8640284119736175,True
0,1,random,25,1500,260,381,324,260,260,SCAN,0.6210045662100456,True
0,1,random,25,2160,391,393,387,387,387,SSTF,0.8640284119736175,True
0,1,random,30,2236,189,392,189,189,189,SCAN,0.9032258064516129,True
0,1,random,30,2046,244,397,368,244,244,SCAN,0.6210045662100456,True
0,1,random,22,1222,309,383,295,295,295,SSTF,0.8640284119736175,True
0,1,random,26,1766,266,390,228,266,228,SCAN,0.6210045662100456,False
0,1,random,26,1560,297,386,283,283,283,SSTF,0.9778516057585825,True
0,1,random,24,1768,321,380,315,315,315,SSTF,0.8640284119736175,True
0,1,random,27,1986,282,393,316,316,282,SSTF,0.7109826589595376,False
0,1,random,23,1216,342,395,232,232,232,SSTF,0.8640284119736175,True
0,1,random,28,1718,351,395,240,240,240,SSTF,0.8640284119736175,True
0,1,random,16,1072,312,391,272,272,272,SSTF,0.9778516057585825,True
0,1,random,23,1616,186,382,186,186,186,SCAN,0.955503512880562,True
0,1,random,26,1265,167,391,159,167,159,SCAN,0.6210045662100456,False
0,1,random,21,1360,300,388,287,287,287,SSTF,0.9778516057585825,True
0,1,random,23,1137,349,397,185,185,185,SSTF,0.8883792048929664,True
0,1,random,25,1721,374,391,212,212,212,SSTF,0.8640284119736175,True
0,1,random,17,1327,247,388,331,247,247,SCAN,0.6210045662100456,True
0,1,random,19,939,185,185,185,185,185,SCAN,1.0,True
0,1,random,22,1964,220,389,367,220,220,SCAN,0.6210045662100456,True
0,1,random,19,1229,319,386,219,219,219,SSTF,0.9778516057585825,True
0,1,random,25,1321,360,386,346,346,346,SSTF,0.8640284119736175,True
0,1,random,21,1135,231,395,346,231,231,SCAN,0.6210045662100456,True
0,1,random,19,1363,254,384,252,252,252,SSTF,0.7128205128205128,True
0,1,random,33,2176,391,391,202,202,202,SSTF,0.8883792048929664,True
0,1,random,23,1483,192,192,192,192,192,SCAN,1.0,True
0,1,random,16,984,199,389,313,199,199,SCAN,0.6210045662100456,True
0,1,random,26,1405,318,386,242,242,242,SSTF,0.9778516057585825,True
0,1,random,31,1811,341,396,343,343,341,SSTF,0.8883792048929664,False
0,1,random,29,1675,321,380,291,291,291,SSTF,0.8640284119736175,True
0,1,random,16,1056,360,391,204,204,204,SSTF,0.8640284119736175,True
0,1,random,24,1649,195,195,195,195,195,SCAN,1.0,True
0,1,random,31,2106,208,392,208,208,208,SCAN,0.6210045662100456,True
0,1,random,26,1674,299,392,284,284,284,SSTF,0.8640284119736175,True
0,1,random,27,1962,201,383,197,201,197,SCAN,0.6210045662100456,False
0,1,random,19,1388,179,381,179,179,179,SCAN,0.955503512880562,True
0,1,random,18,1370,188,389,188,188,188,SCAN,0.8666666666666667,True
0,1,random,19,1289,271,397,287,271,271,SCAN,0.6210045662100456,True
0,1,random,22,1502,246,371,236,246,236,SCAN,0.6210045662100456,False
0,1,random,19,1294,241,397,231,241,231,SCAN,0.6210045662100456,False
0,1,random,28,1962,328,391,308,308,308,SSTF,0.8640284119736175,True
0,1,random,18,1067,259,397,227,227,227,SSTF,0.7128205128205128,True
0,1,random,34,1983,217,388,211,217,211,SCAN,0.6210045662100456,False
0,1,random,27,1733,288,394,311,311,288,SSTF,0.7128205128205128,False
0,1,random,27,1304,391,395,205,205,205,SSTF,0.8883792048929664,True
0,1,random,18,1091,368,396,370,370,368,SSTF,0.8640284119736175,False
0,1,random,34,2176,328,397,231,231,231,SSTF,0.9778516057585825,True
0,1,random,18,1118,235,387,353,235,235,SCAN,0.6210045662100456,True
0,1,random,27,1916,358,397,360,360,358,SSTF,0.8640284119736175,False
0,1,random,29,1845,232,397,218,232,218,SCAN,0.6210045662100456,False
0,1,random,25,1028,142,142,142,142,142,SCAN,1.0,True
0,1,random,31,1870,372,390,227,227,227,SSTF,0.8640284119736175,True
0,1,random,20,1459,356,368,356,356,356,SSTF,0.8640284119736175,True
0,1,random,24,1298,209,393,358,209,209,SCAN,0.6210045662100456,True
0,1,random,27,2002,347,389,321,321,321,SSTF,0.8640284119736175,True
0,1,random,32,1979,223,397,279,223,223,SCAN,0.6210045662100456,True
0,1,random,23,1468,189,380,189,189,189,SCAN,0.955503512880562,True
0,1,random,20,1246,222,395,318,222,222,SCAN,0.6210045662100456,True
0,1,random,14,907,254,372,254,254,254,SSTF,0.7128205128205128,True
0,1,random,21,1676,371,394,211,211,211,SSTF,0.8640284119736175,True
0,1,random,29,2072,222,386,208,222,208,SCAN,0.6210045662100456,False
0,1,random,12,824,320,390,237,237,237,SSTF,0.8640284119736175,True
0,1,random,20,1272,371,395,189,189,189,SSTF,0.8640284119736175,True
0,1,random,21,1151,331,396,254,254,254,SSTF,0.9778516057585825,True
0,1,random,27,1757,366,390,364,364,364,SSTF,0.8883792048929664,True
0,1,random,21,1691,346,397,206,206,206,SSTF,0.8640284119736175,True
0,1,random,27,2148,391,396,205,205,205,SSTF,0.8640284119736175,True
0,1,random,27,1661,274,397,278,278,274,SSTF,0.7128205128205128,False
0,1,random,26,2114,348,397,344,344,344,SSTF,0.8640284119736175,True
0,1,random,18,1537,328,397,334,334,328,SSTF,0.8640284119736175,False
0,1,random,21,1727,300,394,297,297,297,SSTF,0.7109826589595376,True
0,1,random,22,2143,279,381,275,275,275,SSTF,0.7128205128205128,True
0,1,random,21,1199,238,397,222,238,222,SCAN,0.6210045662100456,False
0,1,random,24,1556,218,365,212,218,212,SCAN,0.6210045662100456,False
0,1,random,19,1272,351,394,219,219,219,SSTF,0.8640284119736175,True
0,1,random,23,1297,329,396,345,345,329,SSTF,0.8640284119736175,False
0,1,random,30,1863,326,395,324,324,324,SSTF,0.8640284119736175,True
0,1,random,25,1832,363,396,213,213,213,SSTF,0.8640284119736175,True
0,1,random,22,1474,191,397,193,191,191,SCAN,0.6210045662100456,True
0,1,random,24,1595,320,371,306,306,306,SSTF,0.8640284119736175,True
0,1,random,23,1532,380,390,203,203,203,SSTF,0.8640284119736175,True
0,1,random,23,1933,367,393,205,205,205,SSTF,0.8640284119736175,True
0,1,random,23,1508,292,394,290,292,290,SCAN,0.6210045662100456,False
0,1,random,19,1619,357,393,345,345,345,SSTF,0.8640284119736175,True
0,1,random,22,1567,348,396,314,314,314,SSTF,0.8883792048929664,True
0,1,random,20,1147,334,391,215,215,215,SSTF,0.9778516057585825,True
0,1,random,20,1455,279,395,273,273,273,SSTF,0.7128205128205128,True
0,1,random,34,2893,228,392,327,228,228,SCAN,0.6210045662100456,True
0,1,random,38,2701,263,389,331,263,263,SCAN,0.6210045662100456,True
0,2,bursty,86,3930,239,397,169,239,169,SCAN,0.6210045662100456,False
0,2,bursty,113,1369,345,369,345,345,345,SSTF,0.8640284119736175,True
0,2,bursty,135,1548,393,394,325,325,325,SSTF,0.8883792048929664,True
0,2,bursty,71,1335,139,139,139,139,139,SCAN,1.0,True
0,2,bursty,58,442,67,365,67,67,67,SCAN,0.9941451990632318,True
0,2,bursty,102,1065,272,392,272,272,272,SCAN,0.5265423242467718,True
0,2,bursty,57,560,332,397,140,140,140,SSTF,0.8883792048929664,True
0,2,bursty,75,657,105,385,105,105,105,SCAN,0.9941451990632318,True
0,2,bursty,118,1533,204,397,222,204,204,SCAN,0.6210045662100456,True
0,2,bursty,111,1444,261,393,187,187,187,SSTF,0.8883792048929664,True
0,2,bursty,10,126,39,392,39,39,39,SCAN,0.9695431472081218,True
0,2,bursty,95,1519,277,388,215,215,215,SSTF,0.9778516057585825,True
0,2,bursty,58,733,134,134,134,134,134,SCAN,1.0,True
0,2,bursty,82,702,118,391,118,118,118,SCAN,0.955503512880562,True
0,2,bursty,42,590,150,355,150,150,150,SCAN,0.955503512880562,True
0,2,bursty,35,360,158,264,158,158,158,SCAN,0.9941451990632318,True
0,2,bursty,142,1656,175,320,175,175,175,SCAN,0.9941451990632318,True
0,2,bursty,21,258,109,109,109,109,109,SCAN,1.0,True
0,2,bursty,119,1411,184,376,184,184,184,SCAN,0.955503512880562,True
0,2,bursty,94,1835,276,393,168,168,168,SSTF,0.9269521410579346,True
0,2,bursty,31,233,76,347,76,76,76,SCAN,0.9941451990632318,True
0,2,bursty,136,1318,113,113,113,113,113,SSTF,0.8883792048929664,True
0,2,bursty,123,1183,187,187,187,187,187,SCAN,1.0,True
0,2,bursty,18,229,94,327,94,94,94,SCAN,0.9695431472081218,True
0,2,bursty,106,1152,279,397,269,279,269,SCAN,0.6210045662100456,False
0,2,bursty,118,1430,335,396,341,341,335,SSTF,0.8640284119736175,False
0,2,bursty,180,5012,180,180,180,180,180,SCAN,1.0,True
0,2,bursty,65,627,264,394,160,160,160,SSTF,0.9269521410579346,True
0,2,bursty,49,517,47,392,47,47,47,SCAN,0.9941451990632318,True
0,2,bursty,122,1452,352,396,275,275,275,SSTF,0.8640284119736175,True
0,2,bursty,85,822,59,396,59,59,59,SCAN,0.9941451990632318,True
0,2,bursty,70,654,271,343,191,271,191,SCAN,0.5265423242467718,False
0,2,bursty,81,892,354,395,244,244,244,SSTF,0.8640284119736175,True
0,2,bursty,77,558,123,380,123,123,123,SSTF,0.6009852216748769,True
0,2,bursty,109,1350,376,393,225,225,225,SSTF,0.8640284119736175,True
0,2,bursty,66,1015,256,397,341,256,256,SCAN,0.853448275862069,True
0,2,bursty,52,586,146,146,146,146,146,SCAN,1.0,True
0,2,bursty,123,1240,211,397,213,211,211,SCAN,0.5265423242467718,True
0,2,bursty,59,611,144,322,144,144,144,SCAN,0.9941451990632318,True
0,2,bursty,46,703,154,377,154,154,154,SCAN,0.955503512880562,True
0,2,bursty,74,793,256,329,256,256,256,SCAN,0.5265423242467718,True
0,2,bursty,61,639,198,384,175,175,175,SSTF,0.9269521410579346,True
0,2,bursty,81,816,266,397,180,180,180,SSTF,0.8640284119736175,True
0,2,bursty,126,1339,190,190,190,190,190,SCAN,1.0,True
0,2,bursty,66,777,135,355,135,135,135,SCAN,0.9941451990632318,True
0,2,bursty,114,1230,293,374,213,213,213,SSTF,0.9778516057585825,True
0,2,bursty,40,420,83,83,83,83,83,SCAN,1.0,True
0,2,bursty,25,318,310,365,181,181,181,SSTF,0.9778516057585825,True
0,2,bursty,84,1045,300,333,300,300,300,SSTF,0.8640284119736175,True
0,2,bursty,64,688,364,397,105,105,105,SSTF,0.8883792048929664,True
0,2,bursty,20,159,41,41,41,41,41,SCAN,1.0,True
0,2,bursty,58,795,172,172,172,172,172,SCAN,1.0,True
0,2,bursty,68,638,214,397,130,130,130,SSTF,0.9778516057585825,True
0,2,bursty,72,806,308,362,204,204,204,SSTF,0.9778516057585825,True
0,2,bursty,56,634,118,118,118,118,118,SCAN,1.0,True
0,2,bursty,37,328,204,396,48,48,48,SSTF,0.9269521410579346,True
0,2,bursty,55,708,293,351,293,293,293,SSTF,0.8640284119736175,True
0,2,bursty,52,575,115,397,65,65,65,SSTF,0.9269521410579346,True
0,2,bursty,74,1011,383,397,214,214,214,SSTF,0.8640284119736175,True
0,2,bursty,166,1956,179,179,179,179,179,SCAN,1.0,True
0,2,bursty,100,1039,210,397,218,218,210,SSTF,0.6009852216748769,False
0,2,bursty,136,1582,112,371,112,112,112,SCAN,0.9941451990632318,True
0,2,bursty,154,1539,240,397,297,240,240,SCAN,0.5265423242467718,True
0,2,bursty,67,732,170,364,170,170,170,SCAN,0.955503512880562,True
0,2,bursty,43,595,327,381,180,180,180,SSTF,0.9778516057585825,True
0,2,bursty,99,959,196,196,196,196,196,SCAN,1.0,True
0,2,bursty,16,237,106,322,106,106,106,SCAN,0.9695431472081218,True
0,2,bursty,221,3757,251,397,281,251,251,SCAN,0.6210045662100456,True
0,2,bursty,34,349,76,356,76,76,76,SCAN,0.9941451990632318,True
0,2,bursty,79,810,232,354,232,232,232,SCAN,0.853448275862069,True
0,2,bursty,66,970,244,370,181,244,181,SCAN,0.5265423242467718,False
0,2,bursty,124,1451,258,394,324,258,258,SCAN,0.5265423242467718,True
0,2,bursty,97,1035,243,354,233,243,233,SCAN,0.5265423242467718,False
0,2,bursty,119,1388,323,384,274,274,274,SSTF,0.8640284119736175,True
0,2,bursty,95,1046,312,391,285,285,285,SSTF,0.8640284119736175,True
0,2,bursty,50,440,89,384,89,89,89,SCAN,0.9941451990632318,True
0,2,bursty,143,1402,288,397,180,180,180,SSTF,0.9269521410579346,True
0,2,bursty,74,693,129,396,129,129,129,SCAN,0.955503512880562,True
0,2,bursty,38,588,303,337,294,294,294,SSTF,0.8640284119736175,True
0,2,bursty,93,1012,296,373,290,290,290,SSTF,0.8640284119736175,True
0,2,bursty,113,1007,342,386,234,234,234,SSTF,0.8640284119736175,True
0,2,bursty,41,372,77,397,46,46,46,SSTF,0.6009852216748769,True
0,2,bursty,42,503,192,371,192,192,192,SCAN,0.955503512880562,True
0,2,bursty,37,588,321,353,243,243,243,SSTF,0.8640284119736175,True
0,2,bursty,66,594,186,186,186,186,186,SCAN,1.0,True
0,2,bursty,65,570,396,397,74,74,74,SSTF,0.8883792048929664,True
0,2,bursty,44,452,382,397,73,73,73,SSTF,0.8883792048929664,True
0,2,bursty,116,1407,209,355,209,209,209,SCAN,0.6210045662100456,True
0,2,bursty,68,884,326,393,187,187,187,SSTF,0.8883792048929664,True
0,2,bursty,83,841,240,397,214,214,214,SSTF,0.9778516057585825,True
0,2,bursty,105,1043,184,395,112,112,112,SSTF,0.9269521410579346,True
0,2,bursty,109,1218,250,397,90,90,90,SSTF,0.9269521410579346,True
0,2,bursty,55,684,139,139,139,139,139,SCAN,1.0,True
0,2,bursty,44,1929,392,397,168,168,168,SSTF,0.8883792048929664,True
0,2,bursty,64,653,320,392,220,220,220,SSTF,0.8640284119736175,True
0,3,sequential,51,76,49,49,49,49,49,SCAN,1.0,True
0,3,sequential,57,35,325,397,35,35,35,FCFS,1.0,True
0,3,sequential,49,267,332,355,265,265,265,SSTF,0.9778516057585825,True
0,3,sequential,57,81,51,51,51,51,51,SCAN,1.0,True
0,3,sequential,57,48,114,397,48,48,48,FCFS,0.8,True
0,3,sequential,52,81,81,344,81,81,81,FCFS,1.0,True
0,3,sequential,56,97,97,330,97,97,97,FCFS,1.0,True
0,3,sequential,50,98,72,72,72,72,72,SCAN,1.0,True
0,3,sequential,60,127,127,303,127,127,127,FCFS,1.0,True
0,3,sequential,60,405,205,397,205,205,205,SCAN,0.853448275862069,True
0,3,sequential,56,136,107,107,107,107,107,SCAN,1.0,True
0,3,sequential,52,28,116,397,28,28,28,FCFS,1.0,True
0,3,sequential,45,79,55,55,55,55,55,SCAN,1.0,True
0,3,sequential,48,75,75,348,75,75,75,FCFS,1.0,True
0,3,sequential,45,76,76,346,76,76,76,FCFS,1.0,True
0,3,sequential,61,169,169,262,169,169,169,FCFS,1.0,True
0,3,sequential,70,295,318,338,279,279,279,SSTF,0.8640284119736175,True
0,3,sequential,64,162,128,128,128,128,128,SCAN,1.0,True
0,3,sequential,57,45,45,384,45,45,45,FCFS,1.0,True
0,3,sequential,62,97,97,334,97,97,97,FCFS,1.0,True
0,3,sequential,67,92,92,341,92,92,92,FCFS,1.0,True
0,3,sequential,50,118,118,306,118,118,118,FCFS,1.0,True
0,3,sequential,48,230,371,391,226,226,226,SSTF,0.8640284119736175,True
0,3,sequential,61,150,118,118,118,118,118,SCAN,1.0,True
0,3,sequential,51,164,137,137,137,137,137,SCAN,1.0,True
0,3,sequential,47,117,92,92,92,92,92,SCAN,1.0,True
0,3,sequential,53,48,48,378,48,48,48,FCFS,1.0,True
0,3,sequential,58,46,284,397,46,46,46,FCFS,1.0,True
0,3,sequential,65,76,41,41,41,41,41,SCAN,1.0,True
0,3,sequential,41,237,367,381,230,230,230,SSTF,0.8640284119736175,True
0,3,sequential,65,99,64,64,64,64,64,SCAN,1.0,True
0,3,sequential,64,40,40,392,40,40,40,FCFS,1.0,True
0,3,sequential,49,29,183,397,29,29,29,FCFS,1.0,True
0,3,sequential,62,49,255,397,49,49,49,FCFS,1.0,True
0,3,sequential,52,80,80,345,80,80,80,FCFS,1.0,True
0,3,sequential,51,94,94,331,94,94,94,FCFS,1.0,True
0,3,sequential,66,293,331,338,266,266,266,SSTF,0.8640284119736175,True
0,3,sequential,62,191,158,158,158,158,158,SCAN,1.0,True
0,3,sequential,55,115,86,86,86,86,86,SCAN,1.0,True
0,3,sequential,56,133,103,103,103,103,103,SCAN,1.0,True
0,3,sequential,62,151,151,280,151,151,151,FCFS,1.0,True
0,3,sequential,55,39,39,388,39,39,39,FCFS,1.0,True
0,3,sequential,49,334,273,288,273,273,273,SCAN,0.5265423242467718,True
0,3,sequential,67,165,130,130,130,130,130,SCAN,1.0,True
0,3,sequential,60,40,134,397,40,40,40,FCFS,1.0,True
0,3,sequential,56,150,120,120,120,120,120,SCAN,1.0,True
0,3,sequential,59,60,278,397,60,60,60,FCFS,0.6,True
0,3,sequential,32,31,313,397,31,31,31,FCFS,1.0,True
0,3,sequential,42,120,120,301,120,120,120,FCFS,1.0,True
0,3,sequential,46,367,235,253,235,235,235,SCAN,0.853448275862069,True
0,3,sequential,63,103,70,70,70,70,70,SCAN,1.0,True
0,3,sequential,70,134,97,97,97,97,97,SCAN,1.0,True
0,3,sequential,54,76,48,48,48,48,48,SCAN,1.0,True
0,3,sequential,64,72,38,38,38,38,38,SCAN,1.0,True
0,3,sequential,61,125,125,306,125,125,125,FCFS,1.0,True
0,3,sequential,57,285,316,341,281,281,281,SSTF,0.8640284119736175,True
0,3,sequential,62,173,140,140,140,140,140,SCAN,1.0,True
0,3,sequential,60,43,119,397,43,43,43,FCFS,1.0,True
0,3,sequential,66,38,38,395,38,38,38,FCFS,1.0,True
0,3,sequential,57,131,131,298,131,131,131,FCFS,1.0,True
0,3,sequential,70,74,74,361,74,74,74,FCFS,1.0,True
0,3,sequential,54,279,321,345,276,276,276,SSTF,0.8640284119736175,True
0,3,sequential,54,120,91,91,91,91,91,SCAN,1.0,True
0,3,sequential,61,162,130,130,130,130,130,SCAN,1.0,True
0,3,sequential,65,66,198,397,66,66,66,FCFS,0.6,True
0,3,sequential,54,34,34,393,34,34,34,FCFS,1.0,True
0,3,sequential,61,34,294,397,34,34,34,FCFS,1.0,True
0,3,sequential,55,52,52,375,52,52,52,FCFS,1.0,True
0,3,sequential,62,258,365,371,232,232,232,SSTF,0.8640284119736175,True
0,3,sequential,55,43,95,397,43,43,43,FCFS,1.0,True
0,3,sequential,64,96,62,62,62,62,62,SCAN,1.0,True
0,3,sequential,56,36,216,397,36,36,36,FCFS,1.0,True
0,3,sequential,56,124,124,303,124,124,124,FCFS,1.0,True
0,3,sequential,42,25,25,395,25,25,25,FCFS,1.0,True
0,3,sequential,62,365,238,264,238,238,238,SCAN,0.853448275862069,True
0,3,sequential,54,183,155,155,155,155,155,SCAN,1.0,True
0,3,sequential,53,77,49,49,49,49,49,SCAN,1.0,True
0,3,sequential,61,47,47,383,47,47,47,FCFS,1.0,True
0,3,sequential,63,37,37,395,37,37,37,FCFS,1.0,True
0,3,sequential,61,44,44,387,44,44,44,FCFS,1.0,True
0,3,sequential,43,46,23,23,23,46,23,FCFS,0.6,False
0,3,sequential,67,288,332,343,265,265,265,SSTF,0.8640284119736175,True
0,3,sequential,56,176,147,147,147,147,147,SCAN,1.0,True
0,3,sequential,67,53,53,380,53,53,53,FCFS,1.0,True
0,3,sequential,72,65,245,397,65,65,65,FCFS,1.0,True
0,3,sequential,55,47,305,397,47,47,47,FCFS,1.0,True
0,3,sequential,62,59,375,397,59,59,59,FCFS,1.0,True
0,3,sequential,55,269,349,356,248,248,248,SSTF,0.8640284119736175,True
0,3,sequential,51,35,79,397,35,35,35,FCFS,1.0,True
0,3,sequential,73,117,78,78,78,78,78,SCAN,1.0,True
0,3,sequential,55,63,63,365,63,63,63,FCFS,1.0,True
0,3,sequential,69,140,140,295,140,140,140,FCFS,1.0,True
0,3,sequential,52,133,133,293,133,133,133,FCFS,1.0,True
0,3,sequential,56,353,257,273,257,257,257,SCAN,0.5265423242467718,True
0,3,sequential,50,90,64,64,64,64,64,SCAN,1.0,True
0,3,sequential,51,49,131,397,49,49,49,FCFS,0.8,True
0,3,sequential,61,122,90,90,90,90,90,SCAN,1.0,True
0,3,sequential,57,104,104,324,104,104,104,FCFS,1.0,True
0,3,sequential,60,128,128,302,128,128,128,FCFS,1.0,True
0,3,sequential,60,36,364,397,36,36,36,FCFS,1.0,True
1,0,sequential,30,2029,174,297,164,174,164,SCAN,0.5265423242467718,False
1,0,sequential,38,2334,294,397,148,148,148,SSTF,0.8640284119736175,True
1,0,sequential,41,2104,234,321,190,234,190,SCAN,0.5265423242467718,False
1,0,sequential,30,1702,278,351,187,187,187,SSTF,0.8640284119736175,True
1,0,sequential,28,2282,302,361,176,176,176,SSTF,0.8640284119736175,True
1,0,sequential,33,2530,168,366,168,168,168,SCAN,0.6,True
1,0,sequential,43,1819,269,292,161,269,161,SCAN,0.5265423242467718,False
1,0,sequential,38,2533,287,295,147,287,147,SCAN,0.5265423242467718,False
1,0,sequential,29,1676,191,191,191,191,191,SCAN,1.0,True
1,0,sequential,47,2229,178,178,178,178,178,SCAN,1.0,True
1,0,sequential,40,1853,125,125,125,125,125,SCAN,1.0,True
1,0,sequential,33,1478,118,385,118,118,118,SCAN,0.955503512880562,True
1,0,sequential,31,1719,140,140,140,140,140,SCAN,1.0,True
1,0,sequential,36,1716,197,333,113,113,113,SSTF,0.9269521410579346,True
1,0,sequential,32,1406,252,366,163,163,163,SSTF,0.9778516057585825,True
1,0,sequential,37,1679,121,121,121,121,121,SCAN,1.0,True
1,0,sequential,38,2212,283,357,153,153,153,SSTF,0.9778516057585825,True
1,0,sequential,26,1302,146,362,146,146,146,SCAN,0.955503512880562,True
1,0,sequential,29,1656,110,397,110,110,110,SCAN,0.8333333333333334,True
1,0,sequential,35,2094,274,383,323,274,274,SCAN,0.6210045662100456,True
1,0,sequential,36,2637,241,356,313,241,241,SCAN,0.853448275862069,True
1,0,sequential,37,3148,370,389,202,202,202,SSTF,0.8640284119736175,True
1,0,sequential,28,1892,318,322,293,293,293,SSTF,0.8640284119736175,True
1,0,sequential,40,2201,121,396,121,121,121,SCAN,0.955503512880562,True
1,0,sequential,29,1360,212,355,174,212,174,SCAN,0.5265423242467718,False
1,0,sequential,21,1299,125,381,125,125,125,SCAN,0.955503512880562,True
1,0,sequential,40,1759,252,370,149,149,149,SSTF,0.9778516057585825,True
1,0,sequential,28,1044,199,397,111,111,111,SSTF,0.9269521410579346,True
1,0,sequential,29,993,126,371,126,126,126,SCAN,0.955503512880562,True
1,0,sequential,34,1375,136,136,136,136,136,SCAN,1.0,True
1,0,sequential,36,1319,257,397,107,107,107,SSTF,0.9269521410579346,True
1,0,sequential,42,1314,320,371,125,125,125,SSTF,0.9778516057585825,True
1,0,sequential,22,364,90,390,90,90,90,SCAN,0.9941451990632318,True
1,0,sequential,25,1047,127,346,127,127,127,SCAN,0.9941451990632318,True
1,0,sequential,31,1087,149,331,149,149,149,SCAN,0.9941451990632318,True
1,0,sequential,27,1236,201,282,201,201,201,SCAN,0.6210045662100456,True
1,0,sequential,34,1620,282,397,176,176,176,SSTF,0.8883792048929664,True
1,0,sequential,30,2072,233,349,207,233,207,SCAN,0.5265423242467718,False
1,0,sequential,33,2668,149,391,149,149,149,SCAN,0.6,True
1,0,sequential,41,1730,298,383,172,172,172,SSTF,0.8640284119736175,True
1,0,sequential,39,1922,284,343,216,216,216,SSTF,0.8640284119736175,True
1,0,sequential,42,2254,285,323,201,285,201,SCAN,0.6210045662100456,False
1,0,sequential,45,3519,321,340,276,276,276,SSTF,0.8640284119736175,True
1,0,sequential,30,2314,218,358,218,218,218,SCAN,0.853448275862069,True
1,0,sequential,44,1222,79,397,73,73,73,SSTF,0.6009852216748769,True
1,0,sequential,32,943,88,88,88,88,88,SCAN,1.0,True
1,0,sequential,35,1062,78,385,78,78,78,SCAN,0.9941451990632318,True
1,0,sequential,27,900,181,392,76,76,76,SSTF,0.9269521410579346,True
1,0,sequential,35,920,179,374,101,101,101,SSTF,0.9269521410579346,True
1,0,sequential,30,784,68,394,68,68,68,SCAN,0.9941451990632318,True
1,0,sequential,40,1059,226,388,84,84,84,SSTF,0.9778516057585825,True
1,0,sequential,36,883,83,83,83,83,83,SCAN,1.0,True
1,0,sequential,43,796,108,353,108,108,108,SCAN,0.9941451990632318,True
1,0,sequential,33,724,142,315,142,142,142,SCAN,0.9941451990632318,True
1,0,sequential,31,790,79,79,79,79,79,SCAN,1.0,True
1,0,sequential,26,568,269,393,95,95,95,SSTF,0.9778516057585825,True
1,0,sequential,35,831,60,60,60,60,60,SCAN,1.0,True
1,0,sequential,29,525,63,387,63,63,63,SCAN,0.9941451990632318,True
1,0,sequential,29,784,352,397,60,60,60,SSTF,0.9778516057585825,True
1,0,sequential,31,766,358,388,69,69,69,SSTF,0.9778516057585825,True
1,0,sequential,29,503,361,378,73,73,73,SSTF,0.9778516057585825,True
1,0,sequential,35,2191,348,397,249,249,249,SSTF,0.8640284119736175,True
1,0,sequential,38,2096,250,308,242,250,242,SCAN,0.6210045662100456,False
1,0,sequential,44,2927,255,290,237,255,237,SCAN,0.5265423242467718,False
1,0,sequential,40,2943,369,382,228,228,228,SSTF,0.8640284119736175,True
1,0,sequential,29,1328,256,258,256,256,256,SCAN,0.5265423242467718,True
1,0,sequential,31,477,73,397,44,44,44,SSTF,0.6009852216748769,True
1,0,sequential,27,510,147,147,147,147,147,SCAN,1.0,True
1,0,sequential,42,472,179,179,179,179,179,SCAN,1.0,True
1,0,sequential,33,308,96,96,96,96,96,SCAN,1.0,True
1,0,sequential,38,330,72,72,72,72,72,SCAN,1.0,True
1,0,sequential,39,393,110,110,110,110,110,SCAN,1.0,True
1,0,sequential,28,157,60,357,60,60,60,SCAN,0.9941451990632318,True
1,0,sequential,48,383,117,117,117,117,117,SCAN,1.0,True
1,0,sequential,37,270,27,27,27,27,27,SCAN,1.0,True
1,0,sequential,25,210,57,57,57,57,57,SCAN,1.0,True
1,0,sequential,30,388,100,100,100,100,100,SCAN,1.0,True
1,0,sequential,39,575,237,397,45,45,45,SSTF,0.9778516057585825,True
1,0,sequential,34,655,123,316,123,123,123,SCAN,0.9941451990632318,True
1,0,sequential,31,638,112,326,112,112,112,SCAN,0.9941451990632318,True
1,0,sequential,32,389,313,397,64,64,64,SSTF,0.9778516057585825,True
1,0,sequential,23,408,108,335,108,108,108,SCAN,0.9941451990632318,True
1,0,sequential,37,705,328,385,64,64,64,SSTF,0.9778516057585825,True
1,0,sequential,32,874,366,388,85,85,85,SSTF,0.9778516057585825,True
1,0,sequential,33,1691,352,376,257,257,257,SSTF,0.9778516057585825,True
1,0,sequential,30,1515,251,303,245,251,245,SCAN,0.6210045662100456,False
1,0,sequential,31,2751,314,352,283,283,283,SSTF,0.8640284119736175,True
1,0,sequential,34,2351,277,336,234,234,234,SSTF,0.8640284119736175,True
1,0,sequential,36,2419,316,362,205,205,205,SSTF,0.8640284119736175,True
1,0,sequential,35,2812,324,353,217,217,217,SSTF,0.8640284119736175,True
1,0,sequential,32,1809,341,356,206,206,206,SSTF,0.8640284119736175,True
1,0,sequential,34,2222,375,380,222,222,222,SSTF,0.8640284119736175,True
1,0,sequential,29,545,109,385,84,84,84,SSTF,0.6009852216748769,True
1,0,sequential,42,1126,93,93,93,93,93,SCAN,1.0,True
1,0,sequential,32,965,78,388,78,78,78,SCAN,0.9941451990632318,True
1,0,sequential,32,1055,129,129,129,129,129,SCAN,1.0,True
1,0,sequential,26,754,148,354,80,80,80,SSTF,0.6009852216748769,True
1,0,sequential,43,1442,116,362,116,116,116,SCAN,0.9941451990632318,True
1,0,sequential,36,1272,232,397,114,114,114,SSTF,0.9778516057585825,True
1,0,sequential,31,1335,118,357,118,118,118,SCAN,0.9941451990632318,True
1,1,random,61,4207,252,393,346,252,252,SCAN,0.6210045662100456,True
1,1,random,61,4226,242,396,346,242,242,SCAN,0.6210045662100456,True
1,1,random,55,3270,267,395,323,267,267,SCAN,0.6210045662100456,True
1,1,random,54,3798,358,394,231,231,231,SSTF,0.8640284119736175,True
1,1,random,77,5061,241,392,231,241,231,SCAN,0.6210045662100456,False
1,1,random,51,3494,376,392,372,372,372,SSTF,0.8640284119736175,True
1,1,random,57,3727,345,394,345,345,345,SSTF,0.8640284119736175,True
1,1,random,66,4880,332,397,334,334,332,SSTF,0.8640284119736175,False
1,1,random,59,3682,315,391,305,305,305,SSTF,0.9778516057585825,True
1,1,random,63,4175,240,396,353,240,240,SCAN,0.6210045662100456,True
1,1,random,71,4240,219,396,359,219,219,SCAN,0.6210045662100456,True
1,1,random,64,4829,208,397,389,208,208,SCAN,0.6210045662100456,True
1,1,random,61,4375,373,395,221,221,221,SSTF,0.8640284119736175,True
1,1,random,75,4938,264,393,264,264,264,SCAN,0.5265423242467718,True
1,1,random,61,3804,241,397,314,241,241,SCAN,0.6210045662100456,True
1,1,random,64,3956,254,396,325,254,254,SCAN,0.6210045662100456,True
1,1,random,55,3941,322,389,320,320,320,SSTF,0.8640284119736175,True
1,1,random,45,2284,351,390,331,331,331,SSTF,0.8883792048929664,True
1,1,random,57,4004,263,388,330,263,263,SCAN,0.6210045662100456,True
1,1,random,58,3419,372,395,215,215,215,SSTF,0.8640284119736175,True
1,1,random,60,3183,321,397,210,210,210,SSTF,0.8883792048929664,True
1,1,random,52,3640,299,396,281,281,281,SSTF,0.8640284119736175,True
1,1,random,51,3345,396,396,199,199,199,SSTF,0.8640284119736175,True
1,1,random,59,4145,199,390,195,199,195,SCAN,0.6210045662100456,False
1,1,random,55,3252,381,390,379,379,379,SSTF,0.8883792048929664,True
1,1,random,51,3392,212,394,371,212,212,SCAN,0.6210045662100456,True
1,1,random,64,3854,250,386,246,250,246,SCAN,0.6210045662100456,False
1,1,random,56,3933,346,396,346,346,346,SSTF,0.8640284119736175,True
1,1,random,65,5188,348,397,241,241,241,SSTF,0.8640284119736175,True
1,1,random,56,3582,375,393,217,217,217,SSTF,0.8640284119736175,True
1,1,random,57,3369,285,397,286,285,285,SCAN,0.5265423242467718,True
1,1,random,53,3860,255,393,340,255,255,SCAN,0.6210045662100456,True
1,1,random,66,4392,271,396,322,271,271,SCAN,0.5265423242467718,True
1,1,random,68,5028,311,392,280,280,280,SSTF,0.8640284119736175,True
1,1,random,62,4003,335,396,335,335,335,SSTF,0.8640284119736175,True
1,1,random,60,4259,261,395,261,261,261,SCAN,0.6210045662100456,True
1,1,random,48,3280,305,394,305,305,305,SSTF,0.8640284119736175,True
1,1,random,68,4669,243,383,243,243,243,SCAN,0.6210045662100456,True
1,1,random,50,2650,312,390,312,312,312,SSTF,0.9778516057585825,True
1,1,random,64,4196,271,394,271,271,271,SCAN,0.5265423242467718,True
1,1,random,64,3625,204,394,380,204,204,SCAN,0.6210045662100456,True
1,1,random,49,2892,306,397,216,216,216,SSTF,0.9778516057585825,True
1,1,random,54,4211,381,396,205,205,205,SSTF,0.8640284119736175,True
1,1,random,58,3463,332,392,254,254,254,SSTF,0.8640284119736175,True
1,1,random,59,4457,384,396,206,206,206,SSTF,0.8640284119736175,True
1,1,random,57,3830,255,395,333,255,255,SCAN,0.6210045662100456,True
1,1,random,43,2661,252,396,337,252,252,SCAN,0.6210045662100456,True
1,1,random,64,4470,218,394,361,218,218,SCAN,0.6210045662100456,True
1,1,random,52,2961,303,397,275,275,275,SSTF,0.9778516057585825,True
1,1,random,57,3749,202,390,202,202,202,SCAN,0.6210045662100456,True
1,1,random,69,4484,262,392,258,262,258,SCAN,0.6210045662100456,False
1,1,random,52,3823,345,397,347,347,345,SSTF,0.8640284119736175,False
1,1,random,79,4810,303,397,305,305,303,SSTF,0.8640284119736175,False
1,1,random,52,3471,233,396,235,233,233,SCAN,0.6210045662100456,True
1,1,random,59,3477,228,396,351,228,228,SCAN,0.6210045662100456,True
1,1,random,61,4285,203,396,187,203,187,SCAN,0.9032258064516129,False
1,1,random,61,3851,239,395,357,239,239,SCAN,0.6210045662100456,True
1,1,random,53,3442,345,397,243,243,243,SSTF,0.8640284119736175,True
1,1,random,52,3716,249,389,245,249,245,SCAN,0.6210045662100456,False
1,1,random,62,4529,352,390,352,352,352,SSTF,0.8640284119736175,True
1,1,random,58,4886,206,397,391,206,206,SCAN,0.6210045662100456,True
1,1,random,56,3660,379,396,220,220,220,SSTF,0.8640284119736175,True
1,1,random,47,3102,198,395,349,198,198,SCAN,0.6210045662100456,True
1,1,random,49,3142,322,395,277,277,277,SSTF,0.8640284119736175,True
1,1,random,54,3315,215,395,383,215,215,SCAN,0.6210045662100456,True
1,1,random,63,4031,367,386,365,365,365,SSTF,0.8883792048929664,True
1,1,random,71,4611,273,396,325,273,273,SCAN,0.5265423242467718,True
1,1,random,74,5452,360,397,222,222,222,SSTF,0.8640284119736175,True
1,1,random,50,3863,358,397,220,220,220,SSTF,0.8640284119736175,True
1,1,random,63,5089,393,396,203,203,203,SSTF,0.8640284119736175,True
1,1,random,54,3944,296,393,302,302,296,SSTF,0.7109826589595376,False
1,1,random,58,3697,312,396,310,310,310,SSTF,0.9778516057585825,True
1,1,random,61,4302,273,396,273,273,273,SCAN,0.5265423242467718,True
1,1,random,61,3803,239,391,229,239,229,SCAN,0.6210045662100456,False
1,1,random,53,3573,395,397,201,201,201,SSTF,0.8640284119736175,True
1,1,random,59,4029,281,394,323,281,281,SCAN,0.5265423242467718,True
1,1,random,48,3621,179,179,179,179,179,SSTF,0.8640284119736175,True
1,1,random,57,4403,339,395,345,345,339,SSTF,0.8640284119736175,False
1,1,random,62,3836,226,392,226,226,226,SCAN,0.6210045662100456,True
1,1,random,62,4431,371,394,219,219,219,SSTF,0.8640284119736175,True
1,1,random,62,4083,253,394,343,253,253,SCAN,0.6210045662100456,True
1,1,random,61,3906,338,396,324,324,324,SSTF,0.8640284119736175,True
1,1,random,50,3209,258,395,315,258,258,SCAN,0.5265423242467718,True
1,1,random,65,4527,380,397,207,207,207,SSTF,0.8640284119736175,True
1,1,random,57,4417,256,396,248,256,248,SCAN,0.6210045662100456,False
1,1,random,70,4958,275,395,271,275,271,SCAN,0.5265423242467718,False
1,1,random,46,3623,322,394,267,267,267,SSTF,0.8640284119736175,True
1,1,random,54,3537,311,396,311,311,311,SSTF,0.9778516057585825,True
1,1,random,61,3868,346,394,205,205,205,SSTF,0.8640284119736175,True
1,1,random,51,4099,277,394,310,277,277,SCAN,0.5265423242467718,True
1,1,random,68,4531,254,394,250,254,250,SCAN,0.6210045662100456,False
1,1,random,61,3806,312,384,312,312,312,SSTF,0.9778516057585825,True
1,1,random,54,3581,350,395,242,242,242,SSTF,0.8640284119736175,True
1,1,random,53,3716,237,396,357,237,237,SCAN,0.6210045662100456,True
1,1,random,73,4540,265,389,261,265,261,SCAN,0.6210045662100456,False
1,1,random,43,2699,335,397,307,307,307,SSTF,0.9778516057585825,True
1,1,random,56,3476,347,397,211,211,211,SSTF,0.8883792048929664,True
1,1,random,50,3881,358,397,236,236,236,SSTF,0.8640284119736175,True
1,1,random,57,4066,191,191,191,191,191,SSTF,0.8640284119736175,True
1,1,random,65,5442,306,397,281,281,281,SSTF,0.8640284119736175,True
1,2,bursty,139,1232,211,397,269,211,211,SCAN,0.5265423242467718,True
1,2,bursty,29,220,29,29,29,29,29,SCAN,1.0,True
1,2,bursty,89,788,324,387,186,186,186,SSTF,0.9778516057585825,True
1,2,bursty,165,1695,149,149,149,149,149,SCAN,1.0,True
1,2,bursty,51,953,145,145,145,145,145,SCAN,1.0,True
1,2,bursty,30,380,218,397,204,218,204,SCAN,0.5265423242467718,False
1,2,bursty,53,653,163,397,181,163,163,SCAN,0.6210045662100456,True
1,2,bursty,59,360,130,130,130,130,130,SCAN,1.0,True
1,2,bursty,63,627,135,397,143,143,135,SSTF,0.6009852216748769,False
1,2,bursty,136,1298,261,397,234,261,234,SCAN,0.6210045662100456,False
1,2,bursty,107,1118,220,397,220,220,220,SCAN,0.5265423242467718,True
1,2,bursty,65,887,266,370,252,252,252,SSTF,0.7109826589595376,True
1,2,bursty,81,1109,228,397,240,228,228,SCAN,0.6210045662100456,True
1,2,bursty,95,1139,153,153,153,153,153,SCAN,1.0,True
1,2,bursty,128,1364,285,396,236,236,236,SSTF,0.9778516057585825,True
1,2,bursty,208,2455,190,190,190,190,190,SCAN,1.0,True
1,2,bursty,130,1462,338,397,273,273,273,SSTF,0.9778516057585825,True
1,2,bursty,87,1052,314,360,276,276,276,SSTF,0.8640284119736175,True
1,2,bursty,63,700,183,391,183,183,183,SCAN,0.955503512880562,True
1,2,bursty,132,1233,162,326,162,162,162,SCAN,0.9941451990632318,True
1,2,bursty,96,2037,298,397,208,208,208,SSTF,0.9778516057585825,True
1,2,bursty,102,971,185,397,185,185,185,SSTF,0.9269521410579346,True
1,2,bursty,126,1291,258,397,126,126,126,SSTF,0.9269521410579346,True
1,2,bursty,60,625,156,156,156,156,156,SSTF,0.8883792048929664,True
1,2,bursty,88,794,373,395,209,209,209,SSTF,0.9778516057585825,True
1,2,bursty,99,857,319,395,189,189,189,SSTF,0.8883792048929664,True
1,2,bursty,76,830,269,397,151,151,151,SSTF,0.8883792048929664,True
1,2,bursty,59,614,308,397,302,302,302,SSTF,0.8640284119736175,True
1,2,bursty,82,1036,316,384,215,215,215,SSTF,0.8883792048929664,True
1,2,bursty,94,1279,365,385,230,230,230,SSTF,0.8640284119736175,True
1,2,bursty,87,781,73,394,73,73,73,SCAN,0.9941451990632318,True
1,2,bursty,114,1148,319,397,187,187,187,SSTF,0.9778516057585825,True
1,2,bursty,76,840,230,394,183,183,183,SSTF,0.9269521410579346,True
1,2,bursty,89,2180,368,397,153,153,153,SSTF,0.8883792048929664,True
1,2,bursty,141,1416,116,116,116,116,116,SCAN,1.0,True
1,2,bursty,56,723,208,369,208,208,208,SCAN,0.6210045662100456,True
1,2,bursty,148,1676,316,393,222,222,222,SSTF,0.8640284119736175,True
1,2,bursty,102,1385,325,396,253,253,253,SSTF,0.9778516057585825,True
1,2,bursty,23,248,138,285,138,138,138,SCAN,0.9941451990632318,True
1,2,bursty,50,557,167,366,167,167,167,SCAN,0.955503512880562,True
1,2,bursty,156,1625,296,396,200,200,200,SSTF,0.9778516057585825,True
1,2,bursty,166,2198,288,397,195,195,195,SSTF,0.8883792048929664,True
1,2,bursty,45,626,154,328,154,154,154,SCAN,0.9941451990632318,True
1,2,bursty,79,707,373,394,164,164,164,SSTF,0.8883792048929664,True
1,2,bursty,168,1913,381,397,216,216,216,SSTF,0.8883792048929664,True
1,2,bursty,57,628,128,128,128,128,128,SCAN,1.0,True
1,2,bursty,91,942,315,380,232,232,232,SSTF,0.8640284119736175,True
1,2,bursty,162,2474,327,395,262,262,262,SSTF,0.8640284119736175,True
1,2,bursty,45,414,154,397,52,52,52,SSTF,0.9269521410579346,True
1,2,bursty,92,902,150,150,150,150,150,SCAN,1.0,True
1,2,bursty,118,1095,176,362,176,176,176,SCAN,0.955503512880562,True
1,2,bursty,92,1159,149,149,149,149,149,SCAN,1.0,True
1,2,bursty,105,2332,311,384,306,306,306,SSTF,0.8640284119736175,True
1,2,bursty,67,1239,281,396,269,281,269,SCAN,0.5265423242467718,False
1,2,bursty,107,1108,359,397,259,259,259,SSTF,0.8883792048929664,True
1,2,bursty,134,1226,291,382,291,291,291,SSTF,0.8640284119736175,True
1,2,bursty,153,2168,180,391,180,180,180,SCAN,0.6210045662100456,True
1,2,bursty,128,1129,114,374,114,114,114,SCAN,0.9941451990632318,True
1,2,bursty,221,2266,347,391,219,219,219,SSTF,0.8640284119736175,True
1,2,bursty,44,590,317,349,259,259,259,SSTF,0.8640284119736175,True
1,2,bursty,86,816,305,397,168,168,168,SSTF,0.8883792048929664,True
1,2,bursty,20,238,96,325,96,96,96,SCAN,0.9695431472081218,True
1,2,bursty,37,319,74,357,74,74,74,SCAN,0.9941451990632318,True
1,2,bursty,87,2205,260,397,175,175,175,SSTF,0.9778516057585825,True
1,2,bursty,133,1368,299,361,281,281,281,SSTF,0.7109826589595376,True
1,2,bursty,266,3582,175,388,175,175,175,SCAN,0.955503512880562,True
1,2,bursty,145,1438,271,396,257,257,257,SSTF,0.8883792048929664,True
1,2,bursty,61,858,159,159,159,159,159,SCAN,1.0,True
1,2,bursty,98,853,104,104,104,104,104,SCAN,1.0,True
1,2,bursty,237,2452,341,397,337,337,337,SSTF,0.8640284119736175,True
1,2,bursty,192,3668,178,178,178,178,178,SSTF,0.8640284119736175,True
1,2,bursty,68,564,349,383,115,115,115,SSTF,0.9778516057585825,True
1,2,bursty,163,2003,185,185,185,185,185,SCAN,1.0,True
1,2,bursty,140,1665,258,397,292,258,258,SCAN,0.6210045662100456,True
1,2,bursty,78,703,126,126,126,126,126,SCAN,1.0,True
1,2,bursty,160,1968,270,397,327,270,270,SCAN,0.853448275862069,True
1,2,bursty,65,969,304,353,268,268,268,SSTF,0.8640284119736175,True
1,2,bursty,185,1851,337,396,172,172,172,SSTF,0.8883792048929664,True
1,2,bursty,101,3041,192,397,196,192,192,SCAN,0.6210045662100456,True
1,2,bursty,52,458,128,385,128,128,128,SCAN,0.955503512880562,True
1,2,bursty,120,1083,326,396,326,326,326,SSTF,0.8640284119736175,True
1,2,bursty,42,373,313,396,97,97,97,SSTF,0.9778516057585825,True
1,2,bursty,251,3615,252,397,252,252,252,SCAN,0.5265423242467718,True
1,2,bursty,108,1025,129,129,129,129,129,SCAN,1.0,True
1,2,bursty,87,1144,277,397,209,277,209,SCAN,0.5265423242467718,False
1,2,bursty,90,2079,365,390,213,213,213,SSTF,0.8640284119736175,True
1,2,bursty,103,1068,323,396,251,251,251,SSTF,0.8883792048929664,True
1,2,bursty,62,652,158,290,158,158,158,SCAN,0.9941451990632318,True
1,2,bursty,139,1237,156,156,156,156,156,SCAN,1.0,True
1,2,bursty,160,1817,266,396,319,266,266,SCAN,0.6210045662100456,True
1,2,bursty,51,668,232,339,232,232,232,SCAN,0.5265423242467718,True
1,2,bursty,65,657,205,392,255,205,205,SCAN,0.5265423242467718,True
1,2,bursty,92,957,362,392,212,212,212,SSTF,0.8640284119736175,True
1,2,bursty,51,613,122,122,122,122,122,SCAN,1.0,True
1,2,bursty,68,660,136,351,136,136,136,SCAN,0.9941451990632318,True
1,2,bursty,56,839,219,305,219,219,219,SCAN,0.853448275862069,True
1,2,bursty,160,1499,336,397,216,216,216,SSTF,0.9778516057585825,True
1,3,sequential,30,1311,112,112,112,112,112,SCAN,1.0,True
1,3,sequential,30,1368,145,145,145,145,145,SCAN,1.0,True
1,3,sequential,33,1168,117,117,117,117,117,SCAN,1.0,True
1,3,sequential,37,1955,124,124,124,124,124,SCAN,1.0,True
1,3,sequential,23,1241,129,357,129,129,129,SCAN,0.955503512880562,True
1,3,sequential,42,2151,228,397,106,106,106,SSTF,0.9269521410579346,True
1,3,sequential,32,1221,269,339,121,121,121,SSTF,0.9778516057585825,True
1,3,sequential,42,2127,122,370,122,122,122,SCAN,0.955503512880562,True
1,3,sequential,28,1161,303,397,93,93,93,SSTF,0.9778516057585825,True
1,3,sequential,27,1179,257,340,257,257,257,SCAN,0.6210045662100456,True
1,3,sequential,48,2322,208,338,204,208,204,SCAN,0.5265423242467718,False
1,3,sequential,39,2901,139,390,139,139,139,SCAN,0.6,True
1,3,sequential,37,2454,276,348,194,194,194,SSTF,0.8640284119736175,True
1,3,sequential,35,2022,184,346,184,184,184,SCAN,0.955503512880562,True
1,3,sequential,39,2570,273,287,273,273,273,SCAN,0.5265423242467718,True
1,3,sequential,38,1595,135,369,133,133,133,SSTF,0.6009852216748769,True
1,3,sequential,32,1492,98,98,98,98,98,SCAN,1.0,True
1,3,sequential,40,1496,164,164,164,164,164,SCAN,1.0,True
1,3,sequential,33,1346,243,392,108,108,108,SSTF,0.9778516057585825,True
1,3,sequential,36,1727,117,375,117,117,117,SCAN,0.955503512880562,True
1,3,sequential,37,1949,143,351,143,143,143,SCAN,0.955503512880562,True
1,3,sequential,27,838,263,331,109,109,109,SSTF,0.9269521410579346,True
1,3,sequential,38,1470,307,355,135,135,135,SSTF,0.9778516057585825,True
1,3,sequential,49,2030,340,361,130,130,130,SSTF,0.9778516057585825,True
1,3,sequential,35,2674,205,397,205,205,205,SCAN,0.853448275862069,True
1,3,sequential,31,2017,177,293,155,177,155,SCAN,0.5265423242467718,False
1,3,sequential,27,2180,143,143,143,143,143,SCAN,1.0,True
1,3,sequential,29,2476,258,329,196,258,196,SCAN,0.5265423242467718,False
1,3,sequential,34,1942,351,397,155,155,155,SSTF,0.8640284119736175,True
1,3,sequential,40,3017,388,397,165,165,165,SSTF,0.8640284119736175,True
1,3,sequential,28,1007,309,309,309,309,309,SSTF,0.8883792048929664,True
1,3,sequential,29,1033,170,170,170,170,170,SCAN,1.0,True
1,3,sequential,42,1385,153,359,109,109,109,SSTF,0.9269521410579346,True
1,3,sequential,38,1391,229,397,100,100,100,SSTF,0.8883792048929664,True
1,3,sequential,33,1094,100,381,100,100,100,SCAN,0.9941451990632318,True
1,3,sequential,30,1010,104,104,104,104,104,SCAN,1.0,True
1,3,sequential,29,1010,81,81,81,81,81,SSTF,0.8883792048929664,True
1,3,sequential,30,1337,283,363,115,115,115,SSTF,0.9778516057585825,True
1,3,sequential,28,909,294,350,110,110,110,SSTF,0.9778516057585825,True
1,3,sequential,48,1975,151,340,151,151,151,SCAN,0.955503512880562,True
1,3,sequential,37,2315,342,346,303,303,303,SSTF,0.8640284119736175,True
1,3,sequential,35,2079,165,165,165,165,165,SCAN,1.0,True
1,3,sequential,25,1818,240,344,190,190,190,SSTF,0.7128205128205128,True
1,3,sequential,33,2109,263,343,195,195,195,SSTF,0.7109826589595376,True
1,3,sequential,40,2919,247,299,155,247,155,SCAN,0.5265423242467718,False
1,3,sequential,34,2426,273,299,153,273,153,SCAN,0.5265423242467718,False
1,3,sequential,35,2179,346,353,251,251,251,SSTF,0.8640284119736175,True
1,3,sequential,40,1701,125,325,121,125,121,SCAN,0.6210045662100456,False
1,3,sequential,47,2382,136,397,110,136,110,SCAN,0.955503512880562,False
1,3,sequential,34,1893,131,131,131,131,131,SCAN,1.0,True
1,3,sequential,31,1416,136,365,136,136,136,SCAN,0.955503512880562,True
1,3,sequential,30,1389,303,395,112,112,112,SSTF,0.9778516057585825,True
1,3,sequential,41,2251,268,337,130,130,130,SSTF,0.9778516057585825,True
1,3,sequential,25,1254,356,397,110,110,110,SSTF,0.9778516057585825,True
1,3,sequential,39,1596,305,320,320,320,305,SSTF,0.9778516057585825,False
1,3,sequential,33,1884,198,377,146,198,146,SCAN,0.5265423242467718,False
1,3,sequential,42,1748,246,391,152,152,152,SSTF,0.9778516057585825,True
1,3,sequential,38,2301,268,375,168,168,168,SSTF,0.8640284119736175,True
1,3,sequential,33,2095,156,156,156,156,156,SCAN,1.0,True
1,3,sequential,39,1899,323,377,161,161,161,SSTF,0.8640284119736175,True
1,3,sequential,42,2454,332,358,186,186,186,SSTF,0.8640284119736175,True
1,3,sequential,32,1889,389,394,208,208,208,SSTF,0.8640284119736175,True
1,3,sequential,36,1289,111,397,101,101,101,SSTF,0.6009852216748769,True
1,3,sequential,31,1455,155,334,117,117,117,SSTF,0.6009852216748769,True
1,3,sequential,43,1660,259,397,128,128,128,SSTF,0.8883792048929664,True
1,3,sequential,31,1415,207,330,115,115,115,SSTF,0.9269521410579346,True
1,3,sequential,37,1938,133,133,133,133,133,SCAN,1.0,True
1,3,sequential,31,1362,166,330,166,166,166,SCAN,0.955503512880562,True
1,3,sequential,34,1457,117,380,117,117,117,SCAN,0.955503512880562,True
1,3,sequential,45,1878,325,344,135,135,135,SSTF,0.9778516057585825,True
1,3,sequential,37,1771,324,397,297,297,297,SSTF,0.8640284119736175,True
1,3,sequential,48,3179,233,353,201,233,201,SCAN,0.5265423242467718,False
1,3,sequential,20,1476,207,302,155,207,155,SCAN,0.6210045662100456,False
1,3,sequential,43,2151,211,397,149,211,149,SCAN,0.6210045662100456,False
1,3,sequential,34,2037,182,353,182,182,182,SCAN,0.955503512880562,True
1,3,sequential,33,2477,158,375,158,158,158,SCAN,0.6,True
1,3,sequential,24,1324,227,352,227,227,227,SCAN,0.6210045662100456,True
1,3,sequential,45,1990,136,348,126,126,126,SSTF,0.6009852216748769,True
1,3,sequential,45,1801,153,327,119,119,119,SSTF,0.6009852216748769,True
1,3,sequential,25,1438,150,150,150,150,150,SCAN,1.0,True
1,3,sequential,40,1372,147,147,147,147,147,SCAN,1.0,True
1,3,sequential,30,1210,120,375,120,120,120,SCAN,0.955503512880562,True
1,3,sequential,34,1712,298,372,135,135,135,SSTF,0.9778516057585825,True
1,3,sequential,29,1084,106,387,106,106,106,SCAN,0.8333333333333334,True
1,3,sequential,46,1858,172,326,172,172,172,SCAN,0.955503512880562,True
1,3,sequential,39,2227,326,330,303,303,303,SSTF,0.8640284119736175,True
1,3,sequential,29,1935,183,318,165,183,165,SCAN,0.5265423242467718,False
1,3,sequential,35,2098,134,396,134,134,134,SCAN,0.955503512880562,True
1,3,sequential,29,2121,191,397,129,191,129,SCAN,0.6210045662100456,False
1,3,sequential,31,1686,241,307,153,241,153,SCAN,0.5265423242467718,False
1,3,sequential,47,2860,143,143,143,143,143,SCAN,1.0,True
1,3,sequential,28,1755,307,316,163,163,163,SSTF,0.8640284119736175,True
1,3,sequential,35,1586,106,106,106,106,106,SCAN,1.0,True
1,3,sequential,50,2006,117,117,117,117,117,SCAN,1.0,True
1,3,sequential,35,1374,82,395,82,82,82,SCAN,0.9941451990632318,True
1,3,sequential,46,1591,111,111,111,111,111,SCAN,1.0,True
1,3,sequential,31,785,246,367,104,104,104,SSTF,0.9778516057585825,True
1,3,sequential,25,669,287,395,68,68,68,SSTF,0.9778516057585825,True
1,3,sequential,38,1142,156,306,156,156,156,SCAN,0.9941451990632318,True
1,3,sequential,28,612,68,68,68,68,68,SCAN,1.0,True
2,0,sequential,44,3069,246,290,246,246,246,SCAN,0.853448275862069,True
2,0,sequential,49,3674,233,259,225,233,225,SCAN,0.5265423242467718,False
2,0,sequential,57,4029,370,385,227,227,227,SSTF,0.8640284119736175,True
2,0,sequential,44,295,119,119,119,119,119,SCAN,1.0,True
2,0,sequential,42,194,91,91,91,91,91,SCAN,1.0,True
2,0,sequential,55,433,79,397,27,79,27,SCAN,0.9941451990632318,False
2,0,sequential,48,655,158,158,158,158,158,SCAN,1.0,True
2,0,sequential,60,1313,124,124,124,124,124,SCAN,1.0,True
2,0,sequential,45,1051,183,386,80,80,80,SSTF,0.9269521410579346,True
2,0,sequential,40,1034,114,347,114,114,114,SCAN,0.9941451990632318,True
2,0,sequential,40,973,81,81,81,81,81,SCAN,1.0,True
2,0,sequential,47,1353,81,81,81,81,81,SCAN,1.0,True
2,0,sequential,42,1314,97,391,97,97,97,SCAN,0.9941451990632318,True
2,0,sequential,47,1315,247,376,105,105,105,SSTF,0.9269521410579346,True
2,0,sequential,42,1757,311,364,149,149,149,SSTF,0.9778516057585825,True
2,0,sequential,50,2120,350,369,178,178,178,SSTF,0.9778516057585825,True
2,0,sequential,54,3301,282,388,315,282,282,SCAN,0.6210045662100456,True
2,0,sequential,49,1796,149,149,149,149,149,SCAN,1.0,True
2,0,sequential,46,2984,204,339,148,204,148,SCAN,0.6210045662100456,False
2,0,sequential,45,1984,214,335,134,134,134,SSTF,0.9269521410579346,True
2,0,sequential,44,1989,222,397,124,124,124,SSTF,0.9269521410579346,True
2,0,sequential,47,2427,237,397,119,237,119,SCAN,0.6210045662100456,False
2,0,sequential,52,2263,353,385,138,138,138,SSTF,0.9778516057585825,True
2,0,sequential,58,3250,359,369,359,359,359,SSTF,0.8640284119736175,True
2,0,sequential,30,1781,227,362,229,227,227,SCAN,0.6210045662100456,True
2,0,sequential,52,3028,209,325,193,209,193,SCAN,0.5265423242467718,False
2,0,sequential,44,2446,302,397,175,175,175,SSTF,0.8640284119736175,True
2,0,sequential,46,2540,226,304,164,226,164,SCAN,0.6210045662100456,False
2,0,sequential,50,3632,296,356,200,200,200,SSTF,0.8640284119736175,True
2,0,sequential,49,3332,173,368,173,173,173,SCAN,0.6,True
2,0,sequential,60,4082,251,394,281,251,251,SCAN,0.853448275862069,True
2,0,sequential,51,3054,346,350,251,251,251,SSTF,0.8640284119736175,True
2,0,sequential,51,1595,112,112,112,112,112,SCAN,1.0,True
2,0,sequential,47,1572,132,132,132,132,132,SCAN,1.0,True
2,0,sequential,48,1800,188,386,111,111,111,SSTF,0.9269521410579346,True
2,0,sequential,55,2134,187,397,148,148,148,SSTF,0.9269521410579346,True
2,0,sequential,43,1556,97,97,97,97,97,SCAN,1.0,True
2,0,sequential,61,2165,213,382,149,149,149,SSTF,0.9269521410579346,True
2,0,sequential,60,2740,256,391,143,143,143,SSTF,0.9778516057585825,True
2,0,sequential,44,2160,258,368,162,162,162,SSTF,0.9778516057585825,True
2,0,sequential,52,1332,310,395,140,140,140,SSTF,0.9778516057585825,True
2,0,sequential,38,2494,162,353,162,162,162,SCAN,0.955503512880562,True
2,0,sequential,36,2085,279,322,147,279,147,SCAN,0.5265423242467718,False
2,0,sequential,34,2727,349,374,152,152,152,SSTF,0.8640284119736175,True
2,0,sequential,33,2200,235,356,235,235,235,SCAN,0.6210045662100456,True
2,0,sequential,47,2538,379,380,218,218,218,SSTF,0.8640284119736175,True
2,0,sequential,48,1553,139,139,139,139,139,SCAN,1.0,True
2,0,sequential,53,1737,194,397,88,88,88,SSTF,0.9269521410579346,True
2,0,sequential,58,1823,150,397,114,114,114,SSTF,0.6009852216748769,True
2,0,sequential,43,1240,77,388,77,77,77,SCAN,0.9941451990632318,True
2,0,sequential,45,1084,97,97,97,97,97,SCAN,1.0,True
2,0,sequential,60,1523,119,119,119,119,119,SCAN,1.0,True
2,0,sequential,44,929,101,101,101,101,101,SCAN,1.0,True
2,0,sequential,47,921,265,397,91,91,91,SSTF,0.9778516057585825,True
2,0,sequential,53,1549,289,397,81,81,81,SSTF,0.9778516057585825,True
2,0,sequential,56,1808,68,394,68,68,68,SCAN,0.9941451990632318,True
2,0,sequential,34,1176,129,331,129,129,129,SCAN,0.9941451990632318,True
2,0,sequential,51,1218,100,375,100,100,100,SCAN,0.9941451990632318,True
2,0,sequential,52,4274,220,294,220,220,220,SCAN,0.853448275862069,True
2,0,sequential,52,4032,168,392,168,168,168,SCAN,0.6,True
2,0,sequential,56,3451,312,384,205,205,205,SSTF,0.8640284119736175,True
2,0,sequential,57,2681,245,397,153,245,153,SCAN,0.6210045662100456,False
2,0,sequential,59,3182,348,376,179,179,179,SSTF,0.8640284119736175,True
2,0,sequential,48,3040,205,321,205,205,205,SCAN,0.853448275862069,True
2,0,sequential,47,3513,199,199,199,199,199,SSTF,0.8640284119736175,True
2,0,sequential,59,3329,195,195,195,195,195,SCAN,1.0,True
2,0,sequential,49,2401,157,157,157,157,157,SCAN,1.0,True
2,0,sequential,44,3293,263,356,204,204,204,SSTF,0.7109826589595376,True
2,0,sequential,48,4214,316,372,198,198,198,SSTF,0.8640284119736175,True
2,0,sequential,49,2371,222,397,156,222,156,SCAN,0.955503512880562,False
2,0,sequential,55,3297,250,397,274,250,250,SCAN,0.5265423242467718,True
2,0,sequential,49,1248,122,122,122,122,122,SCAN,1.0,True
2,0,sequential,61,1077,102,102,102,102,102,SCAN,1.0,True
2,0,sequential,41,680,50,389,50,50,50,SCAN,0.9941451990632318,True
2,0,sequential,54,690,41,397,41,41,41,SCAN,0.9941451990632318,True
2,0,sequential,43,462,170,397,38,38,38,SSTF,0.9269521410579346,True
2,0,sequential,56,616,58,373,58,58,58,SCAN,0.9941451990632318,True
2,0,sequential,43,517,38,391,38,38,38,SCAN,0.9941451990632318,True
2,0,sequential,49,415,47,382,47,47,47,SCAN,0.9941451990632318,True
2,0,sequential,60,511,251,397,31,251,31,SCAN,0.9941451990632318,False
2,0,sequential,52,591,285,397,45,45,45,SSTF,0.9778516057585825,True
2,0,sequential,60,956,166,272,166,166,166,SCAN,0.9941451990632318,True
2,0,sequential,59,867,47,395,47,47,47,SCAN,0.9941451990632318,True
2,0,sequential,47,1116,139,307,139,139,139,SCAN,0.9941451990632318,True
2,0,sequential,47,2067,241,291,241,241,241,SCAN,0.6210045662100456,True
2,0,sequential,51,3726,396,397,201,201,201,SSTF,0.8640284119736175,True
2,0,sequential,46,2687,329,397,167,167,167,SSTF,0.8640284119736175,True
2,0,sequential,46,3602,168,387,168,168,168,SCAN,0.6,True
2,0,sequential,65,4263,327,368,206,206,206,SSTF,0.8640284119736175,True
2,0,sequential,45,3078,161,397,161,161,161,SCAN,0.6,True
2,0,sequential,53,3701,345,355,207,207,207,SSTF,0.8640284119736175,True
2,0,sequential,54,2523,285,386,331,285,285,SCAN,0.5265423242467718,True
2,0,sequential,42,1951,199,368,181,199,181,SCAN,0.5265423242467718,False
2,0,sequential,64,3089,164,353,144,164,144,SCAN,0.5265423242467718,False
2,0,sequential,43,2264,150,150,150,150,150,SCAN,1.0,True
2,0,sequential,54,2987,147,388,147,147,147,SCAN,0.955503512880562,True
2,0,sequential,46,3007,162,162,162,162,162,SCAN,1.0,True
2,0,sequential,49,3292,280,369,258,280,258,SCAN,0.6210045662100456,False
2,0,sequential,62,3495,246,397,264,246,246,SCAN,0.6210045662100456,True
2,0,sequential,36,1803,144,144,144,144,144,SCAN,1.0,True
2,1,random,35,2355,289,396,279,289,279,SCAN,0.5265423242467718,False
2,1,random,35,1992,279,392,279,279,279,SCAN,0.6210045662100456,True
2,1,random,34,2460,271,392,263,271,263,SCAN,0.5265423242467718,False
2,1,random,31,2253,252,390,321,252,252,SCAN,0.6210045662100456,True
2,1,random,37,1680,258,397,232,258,232,SCAN,0.6210045662100456,False
2,1,random,33,2304,382,397,374,374,374,SSTF,0.8640284119736175,True
2,1,random,33,1897,332,383,326,326,326,SSTF,0.8640284119736175,True
2,1,random,29,1879,239,395,350,239,239,SCAN,0.6210045662100456,True
2,1,random,47,2892,297,394,299,299,297,SSTF,0.7109826589595376,False
2,1,random,34,2263,327,394,269,269,269,SSTF,0.8640284119736175,True
2,1,random,36,2311,271,393,307,271,271,SCAN,0.6210045662100456,True
2,1,random,39,3208,266,396,268,266,266,SCAN,0.5265423242467718,True
2,1,random,36,2157,281,387,267,281,267,SCAN,0.5265423242467718,False
2,1,random,35,2072,363,389,219,219,219,SSTF,0.8883792048929664,True
2,1,random,43,2768,367,396,367,367,367,SSTF,0.8640284119736175,True
2,1,random,45,2912,242,392,344,242,242,SCAN,0.6210045662100456,True
2,1,random,38,3253,238,392,353,238,238,SCAN,0.6210045662100456,True
2,1,random,38,2847,226,394,218,226,218,SCAN,0.6210045662100456,False
2,1,random,29,1477,322,393,312,312,312,SSTF,0.8640284119736175,True
2,1,random,33,2444,352,397,230,230,230,SSTF,0.8640284119736175,True
2,1,random,32,1998,199,199,199,199,199,SCAN,1.0,True
2,1,random,42,2633,271,396,304,271,271,SCAN,0.5265423242467718,True
2,1,random,39,2523,392,392,199,199,199,SSTF,0.8640284119736175,True
2,1,random,26,2240,305,394,230,230,230,SSTF,0.8640284119736175,True
2,1,random,26,1796,284,397,278,278,278,SSTF,0.7128205128205128,True
2,1,random,38,2374,208,385,206,208,206,SCAN,0.6210045662100456,False
2,1,random,38,2426,332,397,267,267,267,SSTF,0.8640284119736175,True
2,1,random,39,2007,195,393,205,195,195,SCAN,0.6210045662100456,True
2,1,random,38,2672,229,397,227,229,227,SCAN,0.6210045662100456,False
2,1,random,34,1972,310,393,287,287,287,SSTF,0.8640284119736175,True
2,1,random,34,2057,198,384,174,198,174,SCAN,0.6210045662100456,False
2,1,random,50,2834,300,395,286,286,286,SSTF,0.9778516057585825,True
2,1,random,36,2109,345,393,257,257,257,SSTF,0.8883792048929664,True
2,1,random,39,2727,334,394,212,212,212,SSTF,0.8640284119736175,True
2,1,random,27,2110,263,396,267,263,263,SCAN,0.6210045662100456,True
2,1,random,38,3037,212,396,385,212,212,SCAN,0.6210045662100456,True
2,1,random,39,3071,344,397,250,250,250,SSTF,0.8640284119736175,True
2,1,random,36,2442,205,385,203,205,203,SCAN,0.6210045662100456,False
2,1,random,27,1675,349,394,254,254,254,SSTF,0.8640284119736175,True
2,1,random,42,2538,202,384,202,202,202,SCAN,0.6210045662100456,True
2,1,random,43,2983,320,394,316,316,316,SSTF,0.8640284119736175,True
2,1,random,49,3873,338,396,254,254,254,SSTF,0.8640284119736175,True
2,1,random,41,2404,271,390,271,271,271,SCAN,0.5265423242467718,True
2,1,random,48,3831,383,395,375,375,375,SSTF,0.8640284119736175,True
2,1,random,31,1735,283,394,309,283,283,SCAN,0.6210045662100456,True
2,1,random,35,2581,300,394,291,291,291,SSTF,0.7109826589595376,True
2,1,random,39,2535,391,395,197,197,197,SSTF,0.8640284119736175,True
2,1,random,37,2374,313,389,284,284,284,SSTF,0.8640284119736175,True
2,1,random,29,1958,231,391,255,231,231,SCAN,0.5265423242467718,True
2,1,random,37,2342,243,393,345,243,243,SCAN,0.6210045662100456,True
2,1,random,33,1947,258,397,234,258,234,SCAN,0.6210045662100456,False
2,1,random,39,1950,226,396,302,226,226,SCAN,0.6210045662100456,True
2,1,random,26,1692,281,391,279,279,279,SSTF,0.7128205128205128,True
2,1,random,41,2762,257,397,241,257,241,SCAN,0.6210045662100456,False
2,1,random,35,2353,236,396,328,236,236,SCAN,0.6210045662100456,True
2,1,random,34,2648,346,393,265,265,265,SSTF,0.8640284119736175,True
2,1,random,32,1861,243,397,360,243,243,SCAN,0.6210045662100456,True
2,1,random,40,2282,284,397,278,284,278,SCAN,0.5265423242467718,False
2,1,random,46,3456,246,392,210,246,210,SCAN,0.6210045662100456,False
2,1,random,32,1593,276,394,259,276,259,SCAN,0.5265423242467718,False
2,1,random,38,2558,341,376,323,323,323,SSTF,0.8640284119736175,True
2,1,random,44,2954,284,392,303,284,284,SCAN,0.5265423242467718,True
2,1,random,43,2858,333,397,331,331,331,SSTF,0.8640284119736175,True
2,1,random,36,2468,340,378,334,334,334,SSTF,0.8640284119736175,True
2,1,random,40,3409,191,396,191,191,191,SCAN,0.6,True
2,1,random,43,2706,230,392,230,230,230,SCAN,0.6210045662100456,True
2,1,random,41,2529,370,393,209,209,209,SSTF,0.8640284119736175,True
2,1,random,29,1929,385,397,387,387,385,SSTF,0.8640284119736175,False
2,1,random,48,3476,297,396,283,283,283,SSTF,0.7109826589595376,True
2,1,random,35,2097,222,379,218,222,218,SCAN,0.6210045662100456,False
2,1,random,34,2848,315,394,265,265,265,SSTF,0.8640284119736175,True
2,1,random,36,2592,216,395,381,216,216,SCAN,0.6210045662100456,True
2,1,random,38,2979,214,392,384,214,214,SCAN,0.6210045662100456,True
2,1,random,26,1638,335,391,331,331,331,SSTF,0.8640284119736175,True
2,1,random,37,1918,259,397,335,259,259,SCAN,0.6210045662100456,True
2,1,random,28,1941,305,393,297,297,297,SSTF,0.8640284119736175,True
2,1,random,37,1813,340,386,332,332,332,SSTF,0.8640284119736175,True
2,1,random,48,3671,335,376,327,327,327,SSTF,0.8640284119736175,True
2,1,random,36,2686,259,395,337,259,259,SCAN,0.6210045662100456,True
2,1,random,30,2184,377,394,203,203,203,SSTF,0.8640284119736175,True
2,1,random,26,1809,362,395,224,224,224,SSTF,0.8640284119736175,True
2,1,random,32,2647,192,378,192,192,192,SCAN,0.9032258064516129,True
2,1,random,34,2830,283,375,275,283,275,SCAN,0.5265423242467718,False
2,1,random,36,2852,340,394,247,247,247,SSTF,0.8640284119736175,True
2,1,random,45,3038,389,397,202,202,202,SSTF,0.8640284119736175,True
2,1,random,35,2632,322,387,294,294,294,SSTF,0.8640284119736175,True
2,1,random,38,2462,264,389,264,264,264,SCAN,0.5265423242467718,True
2,1,random,36,2373,216,394,222,216,216,SCAN,0.6210045662100456,True
2,1,random,33,2048,297,387,287,287,287,SSTF,0.8640284119736175,True
2,1,random,41,2719,276,397,278,276,276,SCAN,0.6210045662100456,True
2,1,random,18,1211,353,384,335,335,335,SSTF,0.8640284119736175,True
2,1,random,38,2254,389,391,377,377,377,SSTF,0.8883792048929664,True
2,1,random,33,2028,272,389,262,272,262,SCAN,0.5265423242467718,False
2,1,random,41,2813,234,395,248,234,234,SCAN,0.6210045662100456,True
2,1,random,34,2385,305,393,301,301,301,SSTF,0.8640284119736175,True
2,1,random,33,2415,254,396,234,254,234,SCAN,0.6210045662100456,False
2,1,random,36,2086,255,397,324,255,255,SCAN,0.6210045662100456,True
2,1,random,49,3418,246,393,236,246,236,SCAN,0.6210045662100456,False
2,1,random,36,2629,325,395,269,269,269,SSTF,0.8640284119736175,True
2,1,random,44,3351,265,397,261,265,261,SCAN,0.5265423242467718,False
2,2,bursty,24,238,71,355,71,71,71,SCAN,0.9941451990632318,True
2,2,bursty,75,964,309,392,214,214,214,SSTF,0.8640284119736175,True
2,2,bursty,89,1070,392,395,186,186,186,SSTF,0.8640284119736175,True
2,2,bursty,34,362,78,357,78,78,78,SCAN,0.9941451990632318,True
2,2,bursty,82,911,121,350,121,121,121,SCAN,0.9941451990632318,True
2,2,bursty,21,340,69,69,69,69,69,SCAN,1.0,True
2,2,bursty,32,444,134,134,134,134,134,SCAN,1.0,True
2,2,bursty,67,890,177,177,177,177,177,SCAN,1.0,True
2,2,bursty,40,506,75,75,75,75,75,SCAN,1.0,True
2,2,bursty,112,1183,260,391,202,202,202,SSTF,0.9778516057585825,True
2,2,bursty,123,1375,115,379,115,115,115,SCAN,0.9941451990632318,True
2,2,bursty,15,167,84,344,84,84,84,SCAN,0.9695431472081218,True
2,2,bursty,78,1159,389,397,167,167,167,SSTF,0.8640284119736175,True
2,2,bursty,46,373,83,378,83,83,83,SCAN,0.9941451990632318,True
2,2,bursty,110,1171,104,104,104,104,104,SCAN,1.0,True
2,2,bursty,29,497,161,338,161,161,161,SCAN,0.9941451990632318,True
2,2,bursty,89,1108,374,397,227,227,227,SSTF,0.9778516057585825,True
2,2,bursty,10,171,80,349,80,80,80,SCAN,0.9695431472081218,True
2,2,bursty,84,1149,229,391,229,229,229,SCAN,0.5265423242467718,True
2,2,bursty,42,449,244,366,224,244,224,SCAN,0.5265423242467718,False
2,2,bursty,94,1180,327,396,222,222,222,SSTF,0.8640284119736175,True
2,2,bursty,33,560,183,312,183,183,183,SCAN,0.9941451990632318,True
2,2,bursty,107,1283,312,397,139,139,139,SSTF,0.9778516057585825,True
2,2,bursty,145,1769,163,368,163,163,163,SCAN,0.955503512880562,True
2,2,bursty,173,1899,291,338,291,291,291,SSTF,0.8883792048929664,True
2,2,bursty,119,1277,270,395,185,185,185,SSTF,0.9778516057585825,True
2,2,bursty,82,826,119,396,125,125,119,SSTF,0.6009852216748769,False
2,2,bursty,19,306,65,65,65,65,65,SCAN,1.0,True
2,2,bursty,49,697,202,394,264,202,202,SCAN,0.853448275862069,True
2,2,bursty,104,1186,376,397,202,202,202,SSTF,0.8640284119736175,True
2,2,bursty,123,4973,199,386,199,199,199,SCAN,0.955503512880562,True
2,2,bursty,53,584,76,76,76,76,76,SCAN,1.0,True
2,2,bursty,22,269,66,367,66,66,66,SCAN,0.9941451990632318,True
2,2,bursty,30,238,48,386,48,48,48,SCAN,0.9941451990632318,True
2,2,bursty,11,142,95,323,95,95,95,SCAN,0.9695431472081218,True
2,2,bursty,60,658,119,397,117,117,117,SSTF,0.6009852216748769,True
2,2,bursty,62,769,164,164,164,164,164,SCAN,1.0,True
2,2,bursty,155,1758,305,368,237,237,237,SSTF,0.9778516057585825,True
2,2,bursty,133,1601,275,397,189,189,189,SSTF,0.9269521410579346,True
2,2,bursty,11,120,40,394,40,40,40,SCAN,0.9695431472081218,True
2,2,bursty,148,1770,379,397,333,333,333,SSTF,0.8883792048929664,True
2,2,bursty,103,1402,328,392,260,260,260,SSTF,0.9778516057585825,True
2,2,bursty,85,1084,297,397,288,288,288,SSTF,0.8640284119736175,True
2,2,bursty,26,375,126,126,126,126,126,SCAN,1.0,True
2,2,bursty,93,1055,227,397,227,227,227,SSTF,0.9269521410579346,True
2,2,bursty,37,341,146,349,146,146,146,SSTF,0.6009852216748769,True
2,2,bursty,83,1005,141,141,141,141,141,SCAN,1.0,True
2,2,bursty,70,807,87,87,87,87,87,SCAN,1.0,True
2,2,bursty,76,1959,108,108,108,108,108,SCAN,1.0,True
2,2,bursty,121,1556,206,397,206,206,206,SCAN,0.6210045662100456,True
2,2,bursty,105,987,191,397,127,127,127,SSTF,0.9269521410579346,True
2,2,bursty,161,1461,325,397,203,203,203,SSTF,0.9778516057585825,True
2,2,bursty,55,686,293,396,153,153,153,SSTF,0.9778516057585825,True
2,2,bursty,64,760,360,397,189,189,189,SSTF,0.8640284119736175,True
2,2,bursty,115,1533,129,129,129,129,129,SCAN,1.0,True
2,2,bursty,57,586,257,397,53,257,53,SCAN,0.9941451990632318,False
2,2,bursty,89,997,368,395,226,226,226,SSTF,0.9778516057585825,True
2,2,bursty,36,287,141,141,141,141,141,SCAN,1.0,True
2,2,bursty,15,204,104,335,104,104,104,SCAN,0.9695431472081218,True
2,2,bursty,70,720,291,397,185,185,185,SSTF,0.9269521410579346,True
2,2,bursty,19,220,89,89,89,89,89,SCAN,1.0,True
2,2,bursty,83,892,263,388,193,193,193,SSTF,0.9778516057585825,True
2,2,bursty,64,686,157,273,157,157,157,SCAN,0.9941451990632318,True
2,2,bursty,84,1157,269,397,247,269,247,SCAN,0.5265423242467718,False
2,2,bursty,22,321,108,108,108,108,108,SCAN,1.0,True
2,2,bursty,14,161,69,69,69,69,69,SCAN,1.0,True
2,2,bursty,36,471,310,332,287,287,287,SSTF,0.8640284119736175,True
2,2,bursty,15,208,51,397,57,57,51,SSTF,0.6009852216748769,False
2,2,bursty,26,288,59,59,59,59,59,SCAN,1.0,True
2,2,bursty,26,265,71,71,71,71,71,SCAN,1.0,True
2,2,bursty,28,313,69,69,69,69,69,SCAN,1.0,True
2,2,bursty,45,683,116,375,116,116,116,SCAN,0.9941451990632318,True
2,2,bursty,57,728,312,359,274,274,274,SSTF,0.8640284119736175,True
2,2,bursty,81,863,173,313,173,173,173,SCAN,0.9941451990632318,True
2,2,bursty,120,2804,178,178,178,178,178,SCAN,1.0,True
2,2,bursty,120,1327,237,397,123,123,123,SSTF,0.8883792048929664,True
2,2,bursty,105,1244,153,371,153,153,153,SCAN,0.955503512880562,True
2,2,bursty,69,876,326,394,208,208,208,SSTF,0.8883792048929664,True
2,2,bursty,10,116,42,42,42,42,42,SCAN,0.9629629629629629,True
2,2,bursty,34,312,283,397,33,33,33,SSTF,0.9778516057585825,True
2,2,bursty,57,755,160,322,160,160,160,SCAN,0.9941451990632318,True
2,2,bursty,70,700,149,396,149,149,149,SCAN,0.5265423242467718,True
2,2,bursty,46,878,227,394,211,227,211,SCAN,0.853448275862069,False
2,2,bursty,48,501,174,174,174,174,174,SCAN,1.0,True
2,2,bursty,33,472,276,372,203,203,203,SSTF,0.8640284119736175,True
2,2,bursty,91,1105,167,322,167,167,167,SCAN,0.9941451990632318,True
2,2,bursty,28,344,118,310,118,118,118,SCAN,0.9941451990632318,True
2,2,bursty,39,372,320,369,102,102,102,SSTF,0.9778516057585825,True
2,2,bursty,79,932,146,377,146,146,146,SCAN,0.9941451990632318,True
2,2,bursty,152,1565,180,397,132,132,132,SSTF,0.6009852216748769,True
2,2,bursty,64,837,269,335,269,269,269,SCAN,0.5265423242467718,True
2,2,bursty,46,469,262,309,262,262,262,SCAN,0.5265423242467718,True
2,2,bursty,37,580,246,396,192,192,192,SSTF,0.8883792048929664,True
2,2,bursty,52,646,280,309,230,280,230,SCAN,0.5265423242467718,False
2,3,sequential,36,1321,182,377,188,182,182,SCAN,0.6210045662100456,True
2,3,sequential,52,2557,221,355,184,221,184,SCAN,0.5265423242467718,False
2,3,sequential,54,2569,269,387,138,138,138,SSTF,0.8883792048929664,True
2,3,sequential,41,2534,200,353,130,200,130,SCAN,0.6210045662100456,False
2,3,sequential,65,3795,311,384,156,156,156,SSTF,0.9778516057585825,True
2,3,sequential,43,2503,345,392,150,150,150,SSTF,0.9778516057585825,True
2,3,sequential,59,3109,277,375,171,277,171,SCAN,0.6210045662100456,False
2,3,sequential,37,1797,221,359,221,221,221,SCAN,0.853448275862069,True
2,3,sequential,51,2160,134,397,118,118,118,SSTF,0.6009852216748769,True
2,3,sequential,54,2561,154,154,154,154,154,SCAN,1.0,True
2,3,sequential,43,1531,239,384,111,111,111,SSTF,0.8883792048929664,True
2,3,sequential,42,1429,129,129,129,129,129,SCAN,1.0,True
2,3,sequential,50,1726,93,93,93,93,93,SCAN,1.0,True
2,3,sequential,46,1086,98,371,98,98,98,SCAN,0.9941451990632318,True
2,3,sequential,35,900,129,331,129,129,129,SCAN,0.9941451990632318,True
2,3,sequential,46,1210,104,353,104,104,104,SCAN,0.9941451990632318,True
2,3,sequential,55,845,77,373,77,77,77,SCAN,0.9941451990632318,True
2,3,sequential,45,591,51,389,51,51,51,SCAN,0.9941451990632318,True
2,3,sequential,30,494,310,386,60,60,60,SSTF,0.9778516057585825,True
2,3,sequential,41,584,121,317,121,121,121,SCAN,0.9941451990632318,True
2,3,sequential,39,489,309,397,41,41,41,SSTF,0.9778516057585825,True
2,3,sequential,42,566,84,349,84,84,84,SCAN,0.9941451990632318,True
2,3,sequential,50,820,110,324,110,110,110,SCAN,0.9941451990632318,True
2,3,sequential,49,687,111,324,111,111,111,SCAN,0.9941451990632318,True
2,3,sequential,45,779,177,260,177,177,177,SCAN,0.9941451990632318,True
2,3,sequential,46,2510,290,327,307,290,290,SCAN,0.853448275862069,True
2,3,sequential,48,4121,233,291,233,233,233,SCAN,0.5265423242467718,True
2,3,sequential,44,2388,287,333,243,243,243,SSTF,0.8640284119736175,True
2,3,sequential,46,2880,204,387,186,204,186,SCAN,0.853448275862069,False
2,3,sequential,51,3293,373,397,179,179,179,SSTF,0.8640284119736175,True
2,3,sequential,56,4024,229,376,189,229,189,SCAN,0.5265423242467718,False
2,3,sequential,48,2896,276,279,276,276,276,SCAN,0.5265423242467718,True
2,3,sequential,45,1572,149,149,149,149,149,SCAN,1.0,True
2,3,sequential,32,1176,120,385,140,140,120,SSTF,0.6009852216748769,False
2,3,sequential,49,2005,163,163,163,163,163,SCAN,1.0,True
2,3,sequential,44,2148,117,117,117,117,117,SCAN,1.0,True
2,3,sequential,34,1508,134,134,134,134,134,SCAN,1.0,True
2,3,sequential,51,2750,232,365,182,232,182,SCAN,0.5265423242467718,False
2,3,sequential,37,1577,239,353,175,175,175,SSTF,0.9269521410579346,True
2,3,sequential,47,1667,242,343,166,166,166,SSTF,0.9269521410579346,True
2,3,sequential,33,1589,284,374,137,137,137,SSTF,0.8883792048929664,True
2,3,sequential,52,3166,226,376,124,226,124,SCAN,0.6210045662100456,False
2,3,sequential,55,2840,272,397,174,272,174,SCAN,0.5265423242467718,False
2,3,sequential,34,1343,155,370,155,155,155,SCAN,0.955503512880562,True
2,3,sequential,47,2662,320,330,320,320,320,SSTF,0.8640284119736175,True
2,3,sequential,39,1825,196,196,196,196,196,SCAN,1.0,True
2,3,sequential,51,2257,221,397,111,111,111,SSTF,0.8883792048929664,True
2,3,sequential,50,1575,142,397,100,100,100,SSTF,0.6009852216748769,True
2,3,sequential,45,2073,163,163,163,163,163,SCAN,1.0,True
2,3,sequential,37,1280,161,161,161,161,161,SCAN,1.0,True
2,3,sequential,48,1298,130,355,130,130,130,SCAN,0.9941451990632318,True
2,3,sequential,46,1741,89,392,89,89,89,SCAN,0.9941451990632318,True
2,3,sequential,47,1353,229,367,101,101,101,SSTF,0.9269521410579346,True
2,3,sequential,41,1277,95,370,95,95,95,SCAN,0.9941451990632318,True
2,3,sequential,42,878,261,378,104,104,104,SSTF,0.9778516057585825,True
2,3,sequential,34,716,88,374,88,88,88,SCAN,0.9941451990632318,True
2,3,sequential,39,1048,158,303,158,158,158,SCAN,0.9941451990632318,True
2,3,sequential,40,1059,110,345,110,110,110,SCAN,0.9941451990632318,True
2,3,sequential,45,1112,150,301,150,150,150,SCAN,0.9941451990632318,True
2,3,sequential,47,1022,161,286,161,161,161,SCAN,0.9941451990632318,True
2,3,sequential,41,691,158,284,158,158,158,SCAN,0.9941451990632318,True
2,3,sequential,43,826,168,271,168,168,168,SCAN,0.9941451990632318,True
2,3,sequential,52,593,43,43,43,43,43,SCAN,1.0,True
2,3,sequential,63,475,67,359,67,67,67,SCAN,0.9941451990632318,True
2,3,sequential,50,1320,381,394,216,216,216,SSTF,0.8640284119736175,True
2,3,sequential,37,3052,300,305,297,297,297,SSTF,0.7109826589595376,True
2,3,sequential,52,180,47,47,47,47,47,SCAN,1.0,True
2,3,sequential,40,326,35,35,35,35,35,SCAN,1.0,True
2,3,sequential,47,330,75,75,75,75,75,SCAN,1.0,True
2,3,sequential,52,615,116,116,116,116,116,SCAN,1.0,True
2,3,sequential,53,576,72,72,72,72,72,SCAN,1.0,True
2,3,sequential,34,640,140,140,140,140,140,SCAN,1.0,True
2,3,sequential,45,705,141,141,141,141,141,SCAN,1.0,True
2,3,sequential,53,969,104,104,104,104,104,SCAN,1.0,True
2,3,sequential,48,1098,63,63,63,63,63,SCAN,1.0,True
2,3,sequential,52,1210,125,125,125,125,125,SCAN,1.0,True
2,3,sequential,46,824,98,98,98,98,98,SCAN,1.0,True
2,3,sequential,47,1231,101,363,101,101,101,SCAN,0.9941451990632318,True
2,3,sequential,48,1365,220,397,96,96,96,SSTF,0.9269521410579346,True
2,3,sequential,47,1771,127,127,127,127,127,SCAN,1.0,True
2,3,sequential,43,1983,301,385,106,106,106,SSTF,0.9778516057585825,True
2,3,sequential,44,1433,137,355,137,137,137,SCAN,0.955503512880562,True
2,3,sequential,44,1896,149,346,149,149,149,SCAN,0.955503512880562,True
2,3,sequential,46,2806,312,324,312,312,312,SSTF,0.8640284119736175,True
2,3,sequential,37,1972,175,175,175,175,175,SCAN,1.0,True
2,3,sequential,48,2380,162,343,140,162,140,SCAN,0.5265423242467718,False
2,3,sequential,47,2045,154,154,154,154,154,SCAN,1.0,True
2,3,sequential,66,2243,114,379,114,114,114,SCAN,0.955503512880562,True
2,3,sequential,42,1812,191,397,89,89,89,SSTF,0.9269521410579346,True
2,3,sequential,39,1511,118,358,118,118,118,SCAN,0.9941451990632318,True
2,3,sequential,51,1609,95,95,95,95,95,SCAN,1.0,True
2,3,sequential,45,1313,103,103,103,103,103,SCAN,1.0,True
2,3,sequential,38,940,68,391,68,68,68,SCAN,0.9941451990632318,True
2,3,sequential,45,968,61,61,61,61,61,SCAN,1.0,True
2,3,sequential,47,970,51,51,51,51,51,SSTF,0.8883792048929664,True
2,3,sequential,43,710,104,342,104,104,104,SCAN,0.9941451990632318,True
2,3,sequential,41,599,95,347,95,95,95,SCAN,0.9941451990632318,True
2,3,sequential,56,1008,106,332,106,106,106,SCAN,0.9941451990632318,True
2,3,sequential,45,660,80,349,80,80,80,SCAN,0.9941451990632318,True
2,3,sequential,37,402,120,306,120,120,120,SCAN,0.9941451990632318,True
3,0,sequential,32,56,56,369,56,56,56,FCFS,1.0,True
3,0,sequential,45,130,130,306,130,130,130,FCFS,1.0,True
3,0,sequential,48,323,297,313,297,297,297,SSTF,0.7109826589595376,True
3,0,sequential,36,203,173,173,173,173,173,SCAN,1.0,True
3,0,sequential,36,80,50,50,50,50,50,SCAN,1.0,True
3,0,sequential,34,86,57,57,57,57,57,SCAN,1.0,True
3,0,sequential,43,73,37,37,37,37,37,SCAN,1.0,True
3,0,sequential,40,104,104,328,104,104,104,FCFS,1.0,True
3,0,sequential,52,298,328,342,269,269,269,SSTF,0.8640284119736175,True
3,0,sequential,45,49,109,397,49,49,49,FCFS,1.0,True
3,0,sequential,40,62,62,370,62,62,62,FCFS,1.0,True
3,0,sequential,37,51,255,397,51,51,51,FCFS,1.0,True
3,0,sequential,43,49,317,397,49,49,49,FCFS,1.0,True
3,0,sequential,54,299,314,342,283,283,283,SSTF,0.8640284119736175,True
3,0,sequential,39,100,68,68,68,68,68,SCAN,1.0,True
3,0,sequential,49,183,142,142,142,142,142,SCAN,1.0,True
3,0,sequential,39,115,115,316,115,115,115,FCFS,1.0,True
3,0,sequential,39,36,286,397,36,36,36,FCFS,1.0,True
3,0,sequential,44,92,92,342,92,92,92,FCFS,1.0,True
3,0,sequential,41,282,346,349,251,251,251,SSTF,0.8640284119736175,True
3,0,sequential,39,172,139,139,139,139,139,SCAN,1.0,True
3,0,sequential,44,162,126,126,126,126,126,SCAN,1.0,True
3,0,sequential,34,115,115,311,115,115,115,FCFS,1.0,True
3,0,sequential,43,61,323,397,61,61,61,FCFS,1.0,True
3,0,sequential,28,86,86,335,86,86,86,FCFS,1.0,True
3,0,sequential,31,311,304,311,293,293,293,SSTF,0.8640284119736175,True
3,0,sequential,28,170,146,146,146,146,146,SCAN,1.0,True
3,0,sequential,49,61,145,397,61,61,61,FCFS,1.0,True
3,0,sequential,54,55,223,397,55,55,55,FCFS,1.0,True
3,0,sequential,38,43,43,387,43,43,43,FCFS,1.0,True
3,0,sequential,36,74,74,354,74,74,74,FCFS,1.0,True
3,0,sequential,42,367,259,264,259,259,259,SCAN,0.5265423242467718,True
3,0,sequential,33,41,99,397,41,41,41,FCFS,1.0,True
3,0,sequential,38,60,60,369,60,60,60,FCFS,1.0,True
3,0,sequential,41,100,66,66,66,66,66,SCAN,1.0,True
3,0,sequential,33,124,124,302,124,124,124,FCFS,1.0,True
3,0,sequential,34,46,46,381,46,46,46,FCFS,1.0,True
3,0,sequential,43,301,314,331,283,283,283,SSTF,0.8640284119736175,True
3,0,sequential,36,83,53,53,53,53,53,SCAN,1.0,True
3,0,sequential,47,87,87,350,87,87,87,FCFS,1.0,True
3,0,sequential,47,57,57,380,57,57,57,FCFS,1.0,True
3,0,sequential,47,66,326,397,66,66,66,FCFS,1.0,True
3,0,sequential,54,363,250,279,250,250,250,SCAN,0.853448275862069,True
3,0,sequential,36,43,43,384,43,43,43,FCFS,1.0,True
3,0,sequential,37,37,131,397,37,37,37,FCFS,1.0,True
3,0,sequential,55,96,96,348,96,96,96,FCFS,1.0,True
3,0,sequential,44,58,310,397,58,58,58,FCFS,1.0,True
3,0,sequential,50,256,378,397,251,251,251,SSTF,0.8640284119736175,True
3,0,sequential,35,81,52,52,52,52,52,SCAN,1.0,True
3,0,sequential,40,36,36,395,36,36,36,FCFS,1.0,True
3,0,sequential,45,159,121,121,121,121,121,SCAN,1.0,True
3,0,sequential,49,65,283,397,65,65,65,FCFS,1.0,True
3,0,sequential,40,79,46,46,46,46,46,SCAN,1.0,True
3,0,sequential,30,373,234,248,234,234,234,SCAN,0.5265423242467718,True
3,0,sequential,43,67,87,397,67,67,67,FCFS,0.8,True
3,0,sequential,44,118,81,81,81,81,81,SCAN,1.0,True
3,0,sequential,39,68,68,362,68,68,68,FCFS,1.0,True
3,0,sequential,34,114,114,312,114,114,114,FCFS,1.0,True
3,0,sequential,39,95,95,336,95,95,95,FCFS,1.0,True
3,0,sequential,40,245,392,397,231,231,231,SSTF,0.8640284119736175,True
3,0,sequential,27,123,101,101,101,101,101,SCAN,1.0,True
3,0,sequential,42,39,39,394,39,39,39,FCFS,1.0,True
3,0,sequential,46,111,111,325,111,111,111,FCFS,1.0,True
3,0,sequential,49,63,289,397,63,63,63,FCFS,1.0,True
3,0,sequential,38,59,369,397,59,59,59,FCFS,0.6,True
3,0,sequential,41,388,230,242,230,230,230,SCAN,0.5265423242467718,True
3,0,sequential,38,196,164,164,164,164,164,SCAN,1.0,True
3,0,sequential,35,62,33,33,33,33,33,SCAN,1.0,True
3,0,sequential,39,42,42,388,42,42,42,FCFS,1.0,True
3,0,sequential,47,101,62,62,62,62,62,SCAN,1.0,True
3,0,sequential,41,96,96,336,96,96,96,FCFS,1.0,True
3,0,sequential,42,328,297,303,297,297,297,SSTF,0.7109826589595376,True
3,0,sequential,46,94,56,56,56,56,56,SCAN,1.0,True
3,0,sequential,52,141,97,97,97,97,97,SCAN,1.0,True
3,0,sequential,39,79,47,47,47,47,47,SCAN,1.0,True
3,0,sequential,39,68,36,36,36,36,36,SCAN,1.0,True
3,0,sequential,47,318,298,318,299,299,298,SSTF,0.7109826589595376,False
3,0,sequential,43,87,51,51,51,51,51,SCAN,1.0,True
3,0,sequential,43,92,56,56,56,56,56,SCAN,1.0,True
3,0,sequential,48,135,95,95,95,95,95,SCAN,1.0,True
3,0,sequential,45,149,149,287,149,149,149,FCFS,1.0,True
3,0,sequential,47,262,395,397,250,250,250,SSTF,0.8640284119736175,True
3,0,sequential,49,117,76,76,76,76,76,SCAN,1.0,True
3,0,sequential,49,126,85,85,85,85,85,SCAN,1.0,True
3,0,sequential,34,32,32,394,32,32,32,FCFS,1.0,True
3,0,sequential,35,72,43,43,43,43,43,SCAN,1.0,True
3,0,sequential,45,60,370,397,60,60,60,FCFS,1.0,True
3,0,sequential,45,326,302,307,302,302,302,SSTF,0.7109826589595376,True
3,0,sequential,42,118,83,83,83,83,83,SCAN,1.0,True
3,0,sequential,42,147,112,112,112,112,112,SCAN,1.0,True
3,0,sequential,40,93,60,60,60,60,60,SCAN,1.0,True
3,0,sequential,29,77,77,345,77,77,77,FCFS,1.0,True
3,0,sequential,50,341,261,297,261,261,261,SCAN,0.6210045662100456,True
3,0,sequential,38,89,58,58,58,58,58,SCAN,1.0,True
3,0,sequential,37,96,65,65,65,65,65,SCAN,1.0,True
3,0,sequential,43,78,78,355,78,78,78,FCFS,1.0,True
3,0,sequential,49,83,83,356,83,83,83,FCFS,1.0,True
3,0,sequential,40,38,38,394,38,38,38,FCFS,1.0,True
3,0,sequential,57,337,290,307,290,290,290,SCAN,0.5265423242467718,True
3,0,sequential,45,101,63,63,63,63,63,SCAN,1.0,True
3,1,random,49,3515,290,396,315,290,290,SCAN,0.5265423242467718,True
3,1,random,57,3359,301,391,299,299,299,SSTF,0.9778516057585825,True
3,1,random,46,3211,287,378,253,287,253,SCAN,0.5265423242467718,False
3,1,random,53,3544,253,388,253,253,253,SCAN,0.6210045662100456,True
3,1,random,70,4506,236,384,228,236,228,SCAN,0.6210045662100456,False
3,1,random,41,2916,211,396,382,211,211,SCAN,0.6210045662100456,True
3,1,random,52,2807,268,394,321,268,268,SCAN,0.5265423242467718,True
3,1,random,40,2459,284,395,302,284,284,SCAN,0.5265423242467718,True
3,1,random,60,4242,279,396,315,279,279,SCAN,0.5265423242467718,True
3,1,random,56,3075,291,396,295,291,291,SCAN,0.5265423242467718,True
3,1,random,47,2774,359,396,355,355,355,SSTF,0.8640284119736175,True
3,1,random,51,3683,384,397,199,199,199,SSTF,0.8640284119736175,True
3,1,random,49,3531,351,397,231,231,231,SSTF,0.8640284119736175,True
3,1,random,47,3118,271,393,314,271,271,SCAN,0.6210045662100456,True
3,1,random,43,2309,357,397,227,227,227,SSTF,0.8640284119736175,True
3,1,random,49,3207,209,388,205,209,205,SCAN,0.6210045662100456,False
3,1,random,49,3178,192,396,192,192,192,SCAN,0.955503512880562,True
3,1,random,45,2731,287,395,301,287,287,SCAN,0.5265423242467718,True
3,1,random,58,3903,227,395,365,227,227,SCAN,0.6210045662100456,True
3,1,random,77,5718,331,394,325,325,325,SSTF,0.8640284119736175,True
3,1,random,44,3216,349,397,237,237,237,SSTF,0.8640284119736175,True
3,1,random,42,3515,391,392,204,204,204,SSTF,0.8640284119736175,True
3,1,random,56,4113,331,389,329,329,329,SSTF,0.8640284119736175,True
3,1,random,54,3269,223,397,366,223,223,SCAN,0.6210045662100456,True
3,1,random,50,3506,273,394,309,273,273,SCAN,0.5265423242467718,True
3,1,random,44,3035,259,393,255,259,255,SCAN,0.6210045662100456,False
3,1,random,44,3311,319,394,278,278,278,SSTF,0.8640284119736175,True
3,1,random,50,2665,352,396,352,352,352,SSTF,0.8883792048929664,True
3,1,random,67,4786,261,394,331,261,261,SCAN,0.6210045662100456,True
3,1,random,51,3998,238,397,240,238,238,SCAN,0.6210045662100456,True
3,1,random,66,4444,253,396,334,253,253,SCAN,0.6210045662100456,True
3,1,random,65,4307,250,396,246,250,246,SCAN,0.6210045662100456,False
3,1,random,43,3451,290,373,278,290,278,SCAN,0.5265423242467718,False
3,1,random,37,2413,289,393,301,289,289,SCAN,0.5265423242467718,True
3,1,random,66,5629,383,397,383,383,383,SSTF,0.8640284119736175,True
3,1,random,45,3056,329,388,329,329,329,SSTF,0.8640284119736175,True
3,1,random,51,3266,310,395,314,314,310,SSTF,0.8640284119736175,False
3,1,random,43,3316,269,397,328,269,269,SCAN,0.6210045662100456,True
3,1,random,49,3638,322,396,271,271,271,SSTF,0.8640284119736175,True
3,1,random,61,3594,305,394,295,295,295,SSTF,0.8640284119736175,True
3,1,random,73,5030,320,397,312,312,312,SSTF,0.8640284119736175,True
3,1,random,57,3683,369,395,219,219,219,SSTF,0.8883792048929664,True
3,1,random,55,3158,258,396,338,258,258,SCAN,0.6210045662100456,True
3,1,random,61,4915,248,392,248,248,248,SCAN,0.6210045662100456,True
3,1,random,51,3973,231,396,372,231,231,SCAN,0.6210045662100456,True
3,1,random,36,2031,240,397,358,240,240,SCAN,0.6210045662100456,True
3,1,random,50,3758,317,397,283,283,283,SSTF,0.8640284119736175,True
3,1,random,50,3490,283,395,291,283,283,SCAN,0.5265423242467718,True
3,1,random,47,3384,226,397,206,226,206,SCAN,0.6210045662100456,False
3,1,random,51,3753,289,397,287,289,287,SCAN,0.5265423242467718,False
3,1,random,61,3826,186,186,186,186,186,SCAN,1.0,True
3,1,random,62,4034,383,396,216,216,216,SSTF,0.8640284119736175,True
3,1,random,52,3794,196,196,196,196,196,SCAN,1.0,True
3,1,random,49,2853,328,397,219,219,219,SSTF,0.8883792048929664,True
3,1,random,40,2736,384,396,197,197,197,SSTF,0.8640284119736175,True
3,1,random,35,2585,212,395,204,212,204,SCAN,0.853448275862069,False
3,1,random,55,3657,224,391,370,224,224,SCAN,0.6210045662100456,True
3,1,random,56,4226,253,397,257,253,253,SCAN,0.6210045662100456,True
3,1,random,54,4196,240,395,346,240,240,SCAN,0.6210045662100456,True
3,1,random,40,2868,267,385,267,267,267,SCAN,0.5265423242467718,True
3,1,random,54,3643,229,391,229,229,229,SCAN,0.6210045662100456,True
3,1,random,44,2762,276,389,260,276,260,SCAN,0.6210045662100456,False
3,1,random,43,3072,315,392,271,271,271,SSTF,0.8640284119736175,True
3,1,random,53,3229,363,396,233,233,233,SSTF,0.8640284119736175,True
3,1,random,48,2919,257,391,253,257,253,SCAN,0.5265423242467718,False
3,1,random,59,3732,339,395,339,339,339,SSTF,0.8640284119736175,True
3,1,random,42,2603,324,396,334,334,324,SSTF,0.8640284119736175,False
3,1,random,48,3256,349,382,343,343,343,SSTF,0.8640284119736175,True
3,1,random,44,2914,363,390,357,357,357,SSTF,0.8640284119736175,True
3,1,random,48,3285,385,396,385,385,385,SSTF,0.8640284119736175,True
3,1,random,54,3639,278,390,276,278,276,SCAN,0.5265423242467718,False
3,1,random,45,3479,331,391,327,327,327,SSTF,0.8640284119736175,True
3,1,random,57,2960,377,397,377,377,377,SSTF,0.8883792048929664,True
3,1,random,68,4951,326,396,267,267,267,SSTF,0.8640284119736175,True
3,1,random,54,3392,307,395,281,281,281,SSTF,0.8640284119736175,True
3,1,random,53,3701,200,397,190,200,190,SCAN,0.9032258064516129,False
3,1,random,43,2979,337,396,337,337,337,SSTF,0.8640284119736175,True
3,1,random,52,4146,291,392,294,291,291,SCAN,0.5265423242467718,True
3,1,random,54,4040,232,397,230,232,230,SCAN,0.6210045662100456,False
3,1,random,47,3737,203,397,391,203,203,SCAN,0.6210045662100456,True
3,1,random,58,4057,187,392,187,187,187,SCAN,0.9032258064516129,True
3,1,random,66,4387,334,388,332,332,332,SSTF,0.8640284119736175,True
3,1,random,46,3435,339,385,248,248,248,SSTF,0.8640284119736175,True
3,1,random,49,2999,283,393,284,283,283,SCAN,0.5265423242467718,True
3,1,random,40,2809,357,395,216,216,216,SSTF,0.8640284119736175,True
3,1,random,42,2897,300,393,281,281,281,SSTF,0.8640284119736175,True
3,1,random,47,3177,361,396,357,357,357,SSTF,0.8883792048929664,True
3,1,random,61,4353,338,397,340,340,338,SSTF,0.8640284119736175,False
3,1,random,58,3845,293,394,298,293,293,SCAN,0.5265423242467718,True
3,1,random,44,2920,281,395,287,281,281,SCAN,0.5265423242467718,True
3,1,random,47,3295,252,395,258,252,252,SCAN,0.6210045662100456,True
3,1,random,50,3127,245,385,233,245,233,SCAN,0.6210045662100456,False
3,1,random,55,3186,229,397,235,229,229,SCAN,0.6210045662100456,True
3,1,random,55,3701,199,396,199,199,199,SCAN,0.955503512880562,True
3,1,random,55,3179,188,396,188,188,188,SCAN,0.955503512880562,True
3,1,random,44,3273,220,392,218,220,218,SCAN,0.6210045662100456,False
3,1,random,39,2327,295,394,291,291,291,SSTF,0.7109826589595376,True
3,1,random,61,3795,267,397,322,267,267,SCAN,0.6210045662100456,True
3,1,random,47,3112,266,393,254,266,254,SCAN,0.6210045662100456,False
3,1,random,52,3109,348,397,243,243,243,SSTF,0.8883792048929664,True
3,2,bursty,141,1669,350,395,342,342,342,SSTF,0.8640284119736175,True
3,2,bursty,36,361,144,144,144,144,144,SCAN,1.0,True
3,2,bursty,123,1049,195,329,195,195,195,SCAN,0.955503512880562,True
3,2,bursty,144,1128,262,395,259,262,259,SCAN,0.5265423242467718,False
3,2,bursty,113,922,353,375,232,232,232,SSTF,0.8640284119736175,True
3,2,bursty,99,848,232,397,176,232,176,SCAN,0.853448275862069,False
3,2,bursty,69,654,121,387,121,121,121,SCAN,0.955503512880562,True
3,2,bursty,64,625,143,143,143,143,143,SCAN,1.0,True
3,2,bursty,69,583,155,155,155,155,155,SCAN,1.0,True
3,2,bursty,44,360,179,318,155,179,155,SCAN,0.5265423242467718,False
3,2,bursty,38,419,123,123,123,123,123,SCAN,1.0,True
3,2,bursty,14,114,315,396,43,43,43,SSTF,0.9778516057585825,True
3,2,bursty,14,126,164,397,26,26,26,SSTF,0.9269521410579346,True
3,2,bursty,51,397,131,131,131,131,131,SCAN,1.0,True
3,2,bursty,62,450,194,392,130,130,130,SSTF,0.9269521410579346,True
3,2,bursty,38,367,132,315,132,132,132,SCAN,0.9941451990632318,True
3,2,bursty,33,286,88,88,88,88,88,SCAN,1.0,True
3,2,bursty,189,1869,339,397,249,249,249,SSTF,0.8640284119736175,True
3,2,bursty,51,409,75,361,75,75,75,SCAN,0.9941451990632318,True
3,2,bursty,90,903,331,386,215,215,215,SSTF,0.8640284119736175,True
3,2,bursty,100,767,105,361,105,105,105,SCAN,0.9941451990632318,True
3,2,bursty,42,529,361,397,174,174,174,SSTF,0.8640284119736175,True
3,2,bursty,97,729,167,396,207,207,167,SSTF,0.6009852216748769,False
3,2,bursty,65,549,163,312,163,163,163,SCAN,0.9941451990632318,True
3,2,bursty,11,86,226,396,38,38,38,SSTF,0.9778516057585825,True
3,2,bursty,84,711,138,344,138,138,138,SCAN,0.9941451990632318,True
3,2,bursty,58,402,87,356,87,87,87,SCAN,0.9941451990632318,True
3,2,bursty,75,599,289,397,174,174,174,SSTF,0.9778516057585825,True
3,2,bursty,67,650,225,289,225,225,225,SCAN,0.6210045662100456,True
3,2,bursty,148,1330,238,371,238,238,238,SCAN,0.5265423242467718,True
3,2,bursty,22,196,87,335,87,87,87,SCAN,0.9941451990632318,True
3,2,bursty,101,843,114,114,114,114,114,SCAN,1.0,True
3,2,bursty,160,1994,336,382,312,312,312,SSTF,0.8640284119736175,True
3,2,bursty,164,1297,112,112,112,112,112,SCAN,1.0,True
3,2,bursty,100,960,178,178,178,178,178,SCAN,1.0,True
3,2,bursty,196,2196,348,397,244,244,244,SSTF,0.8640284119736175,True
3,2,bursty,10,114,92,328,92,92,92,SCAN,0.9695431472081218,True
3,2,bursty,53,634,304,386,221,221,221,SSTF,0.8640284119736175,True
3,2,bursty,63,560,95,95,95,95,95,SCAN,1.0,True
3,2,bursty,35,214,315,397,41,41,41,SSTF,0.9778516057585825,True
3,2,bursty,42,311,92,388,92,92,92,SCAN,0.9941451990632318,True
3,2,bursty,77,617,216,393,118,118,118,SSTF,0.9269521410579346,True
3,2,bursty,61,663,146,146,146,146,146,SCAN,1.0,True
3,2,bursty,148,1345,180,180,180,180,180,SCAN,1.0,True
3,2,bursty,69,688,263,356,226,226,226,SSTF,0.8883792048929664,True
3,2,bursty,34,213,78,395,78,78,78,SCAN,0.9941451990632318,True
3,2,bursty,161,1332,237,396,221,237,221,SCAN,0.6210045662100456,False
3,2,bursty,107,1098,230,387,307,230,230,SCAN,0.6210045662100456,True
3,2,bursty,99,927,275,311,259,275,259,SCAN,0.5265423242467718,False
3,2,bursty,91,787,186,397,207,207,186,SSTF,0.6009852216748769,False
3,2,bursty,11,90,40,40,40,40,40,SCAN,1.0,True
3,2,bursty,75,715,181,369,171,181,171,SCAN,0.5265423242467718,False
3,2,bursty,112,884,331,388,205,205,205,SSTF,0.9778516057585825,True
3,2,bursty,124,1017,178,178,178,178,178,SCAN,1.0,True
3,2,bursty,47,560,167,167,167,167,167,SCAN,1.0,True
3,2,bursty,93,856,267,395,153,153,153,SSTF,0.9778516057585825,True
3,2,bursty,51,559,308,336,142,142,142,SSTF,0.9778516057585825,True
3,2,bursty,157,1640,373,397,224,224,224,SSTF,0.8640284119736175,True
3,2,bursty,72,761,191,191,191,191,191,SCAN,1.0,True
3,2,bursty,103,690,362,393,161,161,161,SSTF,0.8883792048929664,True
3,2,bursty,11,54,20,20,20,20,20,SCAN,1.0,True
3,2,bursty,44,431,114,114,114,114,114,SCAN,1.0,True
3,2,bursty,67,696,299,396,189,189,189,SSTF,0.7109826589595376,True
3,2,bursty,78,916,185,393,185,185,185,SCAN,0.955503512880562,True
3,2,bursty,74,820,289,397,278,289,278,SCAN,0.6210045662100456,False
3,2,bursty,94,629,264,397,118,118,118,SSTF,0.9778516057585825,True
3,2,bursty,79,816,163,163,163,163,163,SCAN,1.0,True
3,2,bursty,81,886,232,397,234,232,232,SCAN,0.853448275862069,True
3,2,bursty,42,371,148,327,148,148,148,SCAN,0.9941451990632318,True
3,2,bursty,57,479,282,378,174,174,174,SSTF,0.8883792048929664,True
3,2,bursty,77,682,256,372,200,200,200,SSTF,0.8883792048929664,True
3,2,bursty,116,1178,188,383,188,188,188,SCAN,0.955503512880562,True
3,2,bursty,250,3508,339,397,255,255,255,SSTF,0.8640284119736175,True
3,2,bursty,15,262,164,164,164,164,164,SCAN,1.0,True
3,2,bursty,81,806,274,388,184,184,184,SSTF,0.9778516057585825,True
3,2,bursty,115,972,240,397,246,240,240,SCAN,0.6210045662100456,True
3,2,bursty,165,1693,393,397,230,230,230,SSTF,0.8640284119736175,True
3,2,bursty,14,144,84,330,84,84,84,SCAN,0.9695431472081218,True
3,2,bursty,54,905,309,323,173,173,173,SSTF,0.8640284119736175,True
3,2,bursty,175,1767,303,395,270,270,270,SSTF,0.8640284119736175,True
3,2,bursty,129,1286,186,394,186,186,186,SCAN,0.955503512880562,True
3,2,bursty,48,555,141,396,141,141,141,SCAN,0.955503512880562,True
3,2,bursty,94,764,111,383,111,111,111,SCAN,0.9941451990632318,True
3,2,bursty,153,1562,190,190,190,190,190,SCAN,1.0,True
3,2,bursty,14,134,51,364,51,51,51,SCAN,0.9695431472081218,True
3,2,bursty,49,404,102,102,102,102,102,SSTF,0.8883792048929664,True
3,2,bursty,35,286,92,92,92,92,92,SCAN,1.0,True
3,2,bursty,29,320,120,397,122,122,120,SSTF,0.6009852216748769,False
3,2,bursty,76,720,153,153,153,153,153,SCAN,1.0,True
3,2,bursty,65,583,151,334,151,151,151,SCAN,0.9941451990632318,True
3,2,bursty,62,408,365,395,124,124,124,SSTF,0.9778516057585825,True
3,2,bursty,15,137,94,319,94,94,94,SCAN,0.9695431472081218,True
3,2,bursty,32,293,145,393,99,99,99,SSTF,0.9269521410579346,True
3,2,bursty,149,1258,325,397,214,214,214,SSTF,0.9778516057585825,True
3,2,bursty,17,265,140,140,140,140,140,SCAN,1.0,True
3,3,sequential,36,273,68,350,68,68,68,SCAN,0.9941451990632318,True
3,3,sequential,44,2763,278,299,278,278,278,SCAN,0.853448275862069,True
3,3,sequential,37,2660,300,322,262,262,262,SSTF,0.8640284119736175,True
3,3,sequential,40,2728,232,397,178,232,178,SCAN,0.853448275862069,False
3,3,sequential,42,2340,203,358,203,203,203,SCAN,0.853448275862069,True
3,3,sequential,33,1104,134,134,134,134,134,SCAN,1.0,True
3,3,sequential,42,1691,169,397,105,105,105,SSTF,0.9269521410579346,True
3,3,sequential,43,1650,147,147,147,147,147,SCAN,1.0,True
3,3,sequential,36,1985,160,160,160,160,160,SCAN,1.0,True
3,3,sequential,26,1972,160,397,106,160,106,SCAN,0.6210045662100456,False
3,3,sequential,40,2202,288,397,139,139,139,SSTF,0.8883792048929664,True
3,3,sequential,38,2112,208,300,132,208,132,SCAN,0.5265423242467718,False
3,3,sequential,46,2510,144,144,144,144,144,SCAN,1.0,True
3,3,sequential,34,2450,168,373,168,168,168,SCAN,0.6,True
3,3,sequential,44,2307,370,375,227,227,227,SSTF,0.8640284119736175,True
3,3,sequential,52,1592,189,189,189,189,189,SCAN,1.0,True
3,3,sequential,37,776,168,168,168,168,168,SCAN,1.0,True
3,3,sequential,31,661,75,75,75,75,75,SCAN,1.0,True
3,3,sequential,35,524,31,31,31,31,31,SCAN,1.0,True
3,3,sequential,51,294,104,104,104,104,104,SCAN,1.0,True
3,3,sequential,34,145,41,41,41,41,41,SCAN,1.0,True
3,3,sequential,32,351,121,299,121,121,121,SCAN,0.9941451990632318,True
3,3,sequential,40,584,40,392,40,40,40,SCAN,0.9941451990632318,True
3,3,sequential,49,771,79,363,79,79,79,SCAN,0.9941451990632318,True
3,3,sequential,52,1255,61,388,61,61,61,SCAN,0.9941451990632318,True
3,3,sequential,36,757,55,396,55,55,55,SCAN,0.9941451990632318,True
3,3,sequential,39,1370,154,305,154,154,154,SCAN,0.9941451990632318,True
3,3,sequential,47,3193,280,337,317,280,280,SCAN,0.5265423242467718,True
3,3,sequential,39,2204,266,363,173,173,173,SSTF,0.8640284119736175,True
3,3,sequential,48,2936,274,360,163,163,163,SSTF,0.9778516057585825,True
3,3,sequential,29,1710,257,333,133,133,133,SSTF,0.9269521410579346,True
3,3,sequential,49,2034,112,112,112,112,112,SCAN,1.0,True
3,3,sequential,26,1023,341,397,76,76,76,SSTF,0.9778516057585825,True
3,3,sequential,44,1480,342,387,87,87,87,SSTF,0.9778516057585825,True
3,3,sequential,40,976,328,397,70,70,70,SSTF,0.9778516057585825,True
3,3,sequential,33,505,342,397,54,54,54,SSTF,0.9778516057585825,True
3,3,sequential,37,547,391,397,49,49,49,SSTF,0.9778516057585825,True
3,3,sequential,45,3723,234,263,234,234,234,SCAN,0.853448275862069,True
3,3,sequential,46,2382,233,242,233,233,233,SCAN,0.5265423242467718,True
3,3,sequential,43,191,69,69,69,69,69,SCAN,1.0,True
3,3,sequential,40,230,126,126,126,126,126,SCAN,1.0,True
3,3,sequential,30,256,39,382,39,39,39,SCAN,0.9941451990632318,True
3,3,sequential,44,504,50,384,50,50,50,SCAN,0.9941451990632318,True
3,3,sequential,41,837,150,150,150,150,150,SCAN,1.0,True
3,3,sequential,40,797,90,90,90,90,90,SCAN,1.0,True
3,3,sequential,53,1601,177,397,79,79,79,SSTF,0.9269521410579346,True
3,3,sequential,38,1199,87,87,87,87,87,SCAN,1.0,True
3,3,sequential,41,1927,237,335,113,113,113,SSTF,0.9269521410579346,True
3,3,sequential,52,2502,118,390,118,118,118,SCAN,0.955503512880562,True
3,3,sequential,34,1398,152,358,152,152,152,SCAN,0.955503512880562,True
3,3,sequential,37,2117,210,326,210,210,210,SCAN,0.853448275862069,True
3,3,sequential,37,1533,163,381,106,106,106,SSTF,0.9269521410579346,True
3,3,sequential,52,1691,166,370,118,118,118,SSTF,0.9269521410579346,True
3,3,sequential,26,916,150,397,60,150,60,SCAN,0.9941451990632318,False
3,3,sequential,34,958,74,377,74,74,74,SCAN,0.9941451990632318,True
3,3,sequential,39,732,47,393,47,47,47,SCAN,0.9941451990632318,True
3,3,sequential,40,531,78,78,78,78,78,SCAN,1.0,True
3,3,sequential,34,346,89,332,89,89,89,SCAN,0.9941451990632318,True
3,3,sequential,34,126,44,367,44,44,44,SCAN,0.9941451990632318,True
3,3,sequential,41,128,282,397,20,20,20,SSTF,0.9778516057585825,True
3,3,sequential,39,379,47,47,47,47,47,SCAN,1.0,True
3,3,sequential,48,578,340,389,52,52,52,SSTF,0.9778516057585825,True
3,3,sequential,44,1421,242,290,242,242,242,SSTF,0.6009852216748769,True
3,3,sequential,40,2570,170,170,170,170,170,SCAN,1.0,True
3,3,sequential,57,3542,226,289,182,226,182,SCAN,0.5265423242467718,False
3,3,sequential,47,3846,144,391,144,144,144,SCAN,0.6,True
3,3,sequential,35,2067,331,366,159,159,159,SSTF,0.8640284119736175,True
3,3,sequential,46,1783,165,347,165,165,165,SCAN,0.955503512880562,True
3,3,sequential,44,2150,168,335,168,168,168,SCAN,0.955503512880562,True
3,3,sequential,40,2906,363,363,338,338,338,SSTF,0.8640284119736175,True
3,3,sequential,53,4631,229,341,232,229,229,SCAN,0.5265423242467718,True
3,3,sequential,37,2439,277,351,216,216,216,SSTF,0.8640284119736175,True
3,3,sequential,44,4049,183,389,183,183,183,SCAN,0.6,True
3,3,sequential,50,1831,275,282,275,275,275,SCAN,0.5265423242467718,True
3,3,sequential,41,323,181,181,181,181,181,SCAN,1.0,True
3,3,sequential,39,218,125,125,125,125,125,SCAN,1.0,True
3,3,sequential,45,271,60,60,60,60,60,SCAN,1.0,True
3,3,sequential,38,338,29,29,29,29,29,SCAN,1.0,True
3,3,sequential,41,781,175,396,67,67,67,SSTF,0.9269521410579346,True
3,3,sequential,30,550,204,387,81,81,81,SSTF,0.9269521410579346,True
3,3,sequential,33,1180,256,397,92,92,92,SSTF,0.8883792048929664,True
3,3,sequential,46,1594,92,389,92,92,92,SCAN,0.9941451990632318,True
3,3,sequential,37,1476,154,339,154,154,154,SCAN,0.955503512880562,True
3,3,sequential,39,2053,327,372,144,144,144,SSTF,0.9778516057585825,True
3,3,sequential,45,2322,210,324,210,210,210,SCAN,0.6210045662100456,True
3,3,sequential,32,1673,173,173,173,173,173,SCAN,1.0,True
3,3,sequential,49,1635,151,352,115,115,115,SSTF,0.9269521410579346,True
3,3,sequential,41,1064,83,83,83,83,83,SCAN,1.0,True
3,3,sequential,30,740,215,392,65,65,65,SSTF,0.9778516057585825,True
3,3,sequential,43,586,66,383,66,66,66,SCAN,0.9941451990632318,True
3,3,sequential,38,673,105,332,105,105,105,SCAN,0.9941451990632318,True
3,3,sequential,31,417,130,297,130,130,130,SCAN,0.9941451990632318,True
3,3,sequential,43,215,44,44,44,44,44,SCAN,1.0,True
3,3,sequential,48,180,84,333,84,84,84,SCAN,0.9941451990632318,True
3,3,sequential,32,182,47,47,47,47,47,SCAN,1.0,True
3,3,sequential,35,389,152,269,152,152,152,SCAN,0.9941451990632318,True
3,3,sequential,36,489,177,251,177,177,177,SCAN,0.9941451990632318,True
3,3,sequential,29,410,158,274,158,158,158,SCAN,0.9941451990632318,True
3,3,sequential,37,3075,386,387,211,211,211,SSTF,0.8640284119736175,True
3,3,sequential,45,3108,178,390,178,178,178,SCAN,0.6,True
4,0,sequential,48,1851,209,397,93,93,93,SSTF,0.9269521410579346,True
4,0,sequential,61,1691,253,397,83,83,83,SSTF,0.9269521410579346,True
4,0,sequential,44,1300,350,397,83,83,83,SSTF,0.9778516057585825,True
4,0,sequential,51,1069,337,397,67,67,67,SSTF,0.9778516057585825,True
4,0,sequential,44,2817,384,385,213,213,213,SSTF,0.8640284119736175,True
4,0,sequential,57,4416,328,354,269,269,269,SSTF,0.8640284119736175,True
4,0,sequential,60,786,115,115,115,115,115,SCAN,1.0,True
4,0,sequential,53,419,92,92,92,92,92,SCAN,1.0,True
4,0,sequential,58,439,116,116,116,116,116,SCAN,1.0,True
4,0,sequential,44,138,94,326,94,94,94,SCAN,0.9941451990632318,True
4,0,sequential,61,345,95,340,95,95,95,SCAN,0.9941451990632318,True
4,0,sequential,48,726,76,76,76,76,76,SCAN,1.0,True
4,0,sequential,51,898,342,397,84,84,84,SSTF,0.9778516057585825,True
4,0,sequential,50,2954,245,302,245,245,245,SCAN,0.853448275862069,True
4,0,sequential,49,3157,266,336,237,266,237,SCAN,0.5265423242467718,False
4,0,sequential,51,3417,319,358,209,209,209,SSTF,0.8640284119736175,True
4,0,sequential,41,2330,307,318,307,307,307,SSTF,0.8640284119736175,True
4,0,sequential,59,2712,164,164,164,164,164,SCAN,1.0,True
4,0,sequential,51,2057,111,111,111,111,111,SCAN,1.0,True
4,0,sequential,46,2109,159,159,159,159,159,SCAN,1.0,True
4,0,sequential,56,2453,117,391,117,117,117,SCAN,0.955503512880562,True
4,0,sequential,51,3136,306,354,160,160,160,SSTF,0.9778516057585825,True
4,0,sequential,45,1962,324,338,324,324,324,SSTF,0.8640284119736175,True
4,0,sequential,57,2662,145,145,145,145,145,SCAN,1.0,True
4,0,sequential,55,1623,228,357,160,228,160,SCAN,0.6210045662100456,False
4,0,sequential,60,3101,253,336,153,253,153,SCAN,0.5265423242467718,False
4,0,sequential,57,2796,185,324,185,185,185,SCAN,0.955503512880562,True
4,0,sequential,72,3595,225,324,225,225,225,SCAN,0.6210045662100456,True
4,0,sequential,43,3788,290,397,168,168,168,SSTF,0.8640284119736175,True
4,0,sequential,54,4496,312,373,210,210,210,SSTF,0.8640284119736175,True
4,0,sequential,50,4532,391,397,226,226,226,SSTF,0.8640284119736175,True
4,0,sequential,50,1277,84,397,82,82,82,SSTF,0.6009852216748769,True
4,0,sequential,33,744,119,397,71,71,71,SSTF,0.6009852216748769,True
4,0,sequential,57,923,185,397,78,78,78,SSTF,0.9269521410579346,True
4,0,sequential,67,729,69,69,69,69,69,SCAN,1.0,True
4,0,sequential,64,211,91,339,91,91,91,SCAN,0.9941451990632318,True
4,0,sequential,59,310,37,37,37,37,37,SCAN,1.0,True
4,0,sequential,58,737,173,265,173,173,173,SCAN,0.9941451990632318,True
4,0,sequential,46,2887,328,358,269,269,269,SSTF,0.8640284119736175,True
4,0,sequential,57,4132,280,308,234,280,234,SCAN,0.5265423242467718,False
4,0,sequential,60,3013,368,375,229,229,229,SSTF,0.8640284119736175,True
4,0,sequential,53,1935,175,390,121,121,121,SSTF,0.9269521410579346,True
4,0,sequential,45,1342,147,397,87,147,87,SCAN,0.9941451990632318,False
4,0,sequential,42,1684,252,392,119,119,119,SSTF,0.9778516057585825,True
4,0,sequential,50,1781,109,389,109,109,109,SCAN,0.955503512880562,True
4,0,sequential,41,1551,133,365,133,133,133,SCAN,0.955503512880562,True
4,0,sequential,45,2690,295,397,312,295,295,SCAN,0.6210045662100456,True
4,0,sequential,43,2137,133,397,127,133,127,SCAN,0.6210045662100456,False
4,0,sequential,42,2074,262,397,141,141,141,SSTF,0.9778516057585825,True
4,0,sequential,48,2653,135,384,135,135,135,SCAN,0.955503512880562,True
4,0,sequential,43,2886,117,117,117,117,117,SCAN,1.0,True
4,0,sequential,46,2207,292,343,148,148,148,SSTF,0.9778516057585825,True
4,0,sequential,52,1317,366,392,113,113,113,SSTF,0.9778516057585825,True
4,0,sequential,49,2709,304,377,293,293,293,SSTF,0.8640284119736175,True
4,0,sequential,47,3842,210,307,186,210,186,SCAN,0.5265423242467718,False
4,0,sequential,38,2763,332,392,174,174,174,SSTF,0.8640284119736175,True
4,0,sequential,55,3647,393,397,232,232,232,SSTF,0.8640284119736175,True
4,0,sequential,42,1065,121,390,86,86,86,SSTF,0.9269521410579346,True
4,0,sequential,43,1138,135,135,135,135,135,SCAN,1.0,True
4,0,sequential,51,1019,81,372,81,81,81,SCAN,0.9941451990632318,True
4,0,sequential,50,823,211,394,67,67,67,SSTF,0.9269521410579346,True
4,0,sequential,58,753,87,352,87,87,87,SCAN,0.9941451990632318,True
4,0,sequential,44,310,43,382,43,43,43,SCAN,0.9941451990632318,True
4,0,sequential,59,301,54,54,54,54,54,SCAN,1.0,True
4,0,sequential,45,205,105,315,105,105,105,SCAN,0.9941451990632318,True
4,0,sequential,52,1203,229,245,229,229,229,SCAN,0.853448275862069,True
4,0,sequential,55,137,51,51,51,51,51,SCAN,1.0,True
4,0,sequential,52,232,159,159,159,159,159,SCAN,1.0,True
4,0,sequential,47,350,89,89,89,89,89,SCAN,1.0,True
4,0,sequential,41,363,76,76,76,76,76,SCAN,1.0,True
4,0,sequential,45,417,39,390,39,39,39,SCAN,0.9941451990632318,True
4,0,sequential,48,638,102,102,102,102,102,SCAN,1.0,True
4,0,sequential,49,623,94,346,94,94,94,SCAN,0.9941451990632318,True
4,0,sequential,42,534,52,390,52,52,52,SCAN,0.9941451990632318,True
4,0,sequential,48,1288,133,319,133,133,133,SCAN,0.9941451990632318,True
4,0,sequential,50,2350,250,302,250,250,250,SCAN,0.6210045662100456,True
4,0,sequential,57,4102,179,179,179,179,179,SCAN,1.0,True
4,0,sequential,55,3685,219,385,293,219,219,SCAN,0.853448275862069,True
4,0,sequential,44,1157,135,397,93,93,93,SSTF,0.9269521410579346,True
4,0,sequential,51,2343,152,375,118,118,118,SSTF,0.9269521410579346,True
4,0,sequential,62,2451,118,118,118,118,118,SCAN,1.0,True
4,0,sequential,57,2378,250,370,140,140,140,SSTF,0.9778516057585825,True
4,0,sequential,59,2276,102,397,102,102,102,SCAN,0.8333333333333334,True
4,0,sequential,55,1688,318,345,128,128,128,SSTF,0.9778516057585825,True
4,0,sequential,48,2896,396,397,201,201,201,SSTF,0.8640284119736175,True
4,0,sequential,43,2202,135,387,135,135,135,SCAN,0.955503512880562,True
4,0,sequential,67,3289,141,380,141,141,141,SCAN,0.955503512880562,True
4,0,sequential,43,2579,119,119,119,119,119,SCAN,1.0,True
4,0,sequential,42,1833,105,393,105,105,105,SCAN,0.8333333333333334,True
4,0,sequential,45,2441,376,383,221,221,221,SSTF,0.8640284119736175,True
4,0,sequential,58,3670,218,340,202,218,202,SCAN,0.5265423242467718,False
4,0,sequential,55,3183,233,308,179,233,179,SCAN,0.5265423242467718,False
4,0,sequential,43,3239,178,367,178,178,178,SCAN,0.6,True
4,0,sequential,47,2340,386,390,211,211,211,SSTF,0.8883792048929664,True
4,0,sequential,45,1370,90,390,90,90,90,SCAN,0.9941451990632318,True
4,0,sequential,67,1996,146,397,88,146,88,SCAN,0.9941451990632318,False
4,0,sequential,55,1720,96,96,96,96,96,SCAN,1.0,True
4,0,sequential,38,928,114,114,114,114,114,SCAN,1.0,True
4,0,sequential,44,810,68,389,68,68,68,SCAN,0.9941451990632318,True
4,0,sequential,59,1097,60,60,60,60,60,SCAN,1.0,True
4,1,random,61,4318,221,396,379,221,221,SCAN,0.6210045662100456,True
4,1,random,55,3955,209,385,209,209,209,SCAN,0.6210045662100456,True
4,1,random,53,3464,279,394,316,279,279,SCAN,0.6210045662100456,True
4,1,random,60,5292,340,395,249,249,249,SSTF,0.8640284119736175,True
4,1,random,59,4171,245,397,243,245,243,SCAN,0.5265423242467718,False
4,1,random,45,2755,302,392,290,290,290,SSTF,0.9778516057585825,True
4,1,random,45,3130,252,387,337,252,252,SCAN,0.6210045662100456,True
4,1,random,79,5310,313,397,309,309,309,SSTF,0.8640284119736175,True
4,1,random,57,3537,201,397,201,201,201,SCAN,0.6210045662100456,True
4,1,random,66,3504,387,397,385,385,385,SSTF,0.8640284119736175,True
4,1,random,49,4447,323,396,317,317,317,SSTF,0.8640284119736175,True
4,1,random,52,3856,278,393,276,278,276,SCAN,0.5265423242467718,False
4,1,random,60,4258,308,390,300,300,300,SSTF,0.8640284119736175,True
4,1,random,72,4634,374,389,368,368,368,SSTF,0.8640284119736175,True
4,1,random,54,3101,280,397,276,280,276,SCAN,0.6210045662100456,False
4,1,random,54,3442,263,393,331,263,263,SCAN,0.5265423242467718,True
4,1,random,36,2501,251,397,339,251,251,SCAN,0.6210045662100456,True
4,1,random,51,3240,252,395,329,252,252,SCAN,0.6210045662100456,True
4,1,random,59,4125,360,397,354,354,354,SSTF,0.8640284119736175,True
4,1,random,58,4124,269,395,301,269,269,SCAN,0.5265423242467718,True
4,1,random,54,3548,205,397,380,205,205,SCAN,0.6210045662100456,True
4,1,random,62,4177,276,396,321,276,276,SCAN,0.5265423242467718,True
4,1,random,69,4237,301,397,301,301,301,SSTF,0.8640284119736175,True
4,1,random,54,3182,216,397,228,216,216,SCAN,0.6210045662100456,True
4,1,random,54,4372,278,396,276,278,276,SCAN,0.5265423242467718,False
4,1,random,57,4713,305,397,288,288,288,SSTF,0.8640284119736175,True
4,1,random,64,4099,253,395,319,253,253,SCAN,0.5265423242467718,True
4,1,random,56,3895,229,389,227,229,227,SCAN,0.6210045662100456,False
4,1,random,55,3603,257,389,257,257,257,SCAN,0.6210045662100456,True
4,1,random,56,3854,376,395,376,376,376,SSTF,0.8640284119736175,True
4,1,random,49,3031,193,193,193,193,193,SCAN,1.0,True
4,1,random,48,2888,195,396,195,195,195,SCAN,0.955503512880562,True
4,1,random,52,3034,275,397,275,275,275,SCAN,0.5265423242467718,True
4,1,random,59,4564,323,388,321,321,321,SSTF,0.8640284119736175,True
4,1,random,57,3988,280,392,272,280,272,SCAN,0.5265423242467718,False
4,1,random,58,3548,297,393,293,293,293,SSTF,0.9778516057585825,True
4,1,random,62,5316,199,390,195,199,195,SCAN,0.6210045662100456,False
4,1,random,56,4095,274,386,254,274,254,SCAN,0.6210045662100456,False
4,1,random,70,4495,312,394,284,284,284,SSTF,0.8640284119736175,True
4,1,random,47,3077,226,392,224,226,224,SCAN,0.6210045662100456,False
4,1,random,68,4696,361,395,211,211,211,SSTF,0.8640284119736175,True
4,1,random,42,2349,342,394,354,354,342,SSTF,0.8883792048929664,False
4,1,random,55,3437,247,394,243,247,243,SCAN,0.6210045662100456,False
4,1,random,61,4315,279,393,279,279,279,SCAN,0.6210045662100456,True
4,1,random,54,3721,229,397,346,229,229,SCAN,0.6210045662100456,True
4,1,random,53,4218,215,397,355,215,215,SCAN,0.6210045662100456,True
4,1,random,49,3499,368,394,213,213,213,SSTF,0.8640284119736175,True
4,1,random,55,4200,198,392,198,198,198,SCAN,0.6,True
4,1,random,54,3651,292,388,290,292,290,SCAN,0.5265423242467718,False
4,1,random,59,4439,349,397,230,230,230,SSTF,0.8640284119736175,True
4,1,random,57,3451,308,397,283,283,283,SSTF,0.8640284119736175,True
4,1,random,61,4633,324,392,273,273,273,SSTF,0.8640284119736175,True
4,1,random,48,3069,208,393,206,208,206,SCAN,0.6210045662100456,False
4,1,random,70,4372,267,385,267,267,267,SCAN,0.5265423242467718,True
4,1,random,61,3870,363,394,210,210,210,SSTF,0.8640284119736175,True
4,1,random,76,4763,325,394,325,325,325,SSTF,0.8640284119736175,True
4,1,random,52,3654,322,397,275,275,275,SSTF,0.8640284119736175,True
4,1,random,62,4086,232,393,361,232,232,SCAN,0.6210045662100456,True
4,1,random,47,3192,225,392,221,225,221,SCAN,0.6210045662100456,False
4,1,random,51,2828,379,393,212,212,212,SSTF,0.8640284119736175,True
4,1,random,73,4787,236,396,359,236,236,SCAN,0.6210045662100456,True
4,1,random,53,3417,256,395,318,256,256,SCAN,0.6210045662100456,True
4,1,random,61,3251,387,397,202,202,202,SSTF,0.8883792048929664,True
4,1,random,59,3817,356,397,233,233,233,SSTF,0.8640284119736175,True
4,1,random,55,2807,321,396,259,259,259,SSTF,0.8640284119736175,True
4,1,random,63,3509,247,391,231,247,231,SCAN,0.6210045662100456,False
4,1,random,52,3125,348,395,215,215,215,SSTF,0.8640284119736175,True
4,1,random,61,4586,197,197,197,197,197,SCAN,1.0,True
4,1,random,57,3343,201,393,201,201,201,SCAN,0.6210045662100456,True
4,1,random,47,3292,343,396,331,331,331,SSTF,0.8883792048929664,True
4,1,random,58,4204,259,395,326,259,259,SCAN,0.6210045662100456,True
4,1,random,74,5040,280,397,305,280,280,SCAN,0.5265423242467718,True
4,1,random,57,4065,315,393,305,305,305,SSTF,0.8640284119736175,True
4,1,random,60,4227,280,391,268,280,268,SCAN,0.6210045662100456,False
4,1,random,62,4020,199,396,199,199,199,SCAN,0.6210045662100456,True
4,1,random,51,3896,356,397,346,346,346,SSTF,0.8640284119736175,True
4,1,random,55,3119,335,397,261,261,261,SSTF,0.9778516057585825,True
4,1,random,65,5126,302,396,291,291,291,SSTF,0.8640284119736175,True
4,1,random,58,3342,360,397,233,233,233,SSTF,0.8640284119736175,True
4,1,random,58,4691,305,395,282,282,282,SSTF,0.8640284119736175,True
4,1,random,61,3890,365,394,220,220,220,SSTF,0.8640284119736175,True
4,1,random,55,4228,213,397,376,213,213,SCAN,0.6210045662100456,True
4,1,random,55,4326,352,379,350,350,350,SSTF,0.8640284119736175,True
4,1,random,60,4010,300,394,295,295,295,SSTF,0.7109826589595376,True
4,1,random,64,4905,286,397,288,286,286,SCAN,0.5265423242467718,True
4,1,random,62,3376,238,388,234,238,234,SCAN,0.6210045662100456,False
4,1,random,49,3680,247,396,337,247,247,SCAN,0.6210045662100456,True
4,1,random,68,3601,385,395,367,367,367,SSTF,0.8883792048929664,True
4,1,random,57,4498,319,391,278,278,278,SSTF,0.8640284119736175,True
4,1,random,63,3619,235,393,233,235,233,SCAN,0.6210045662100456,False
4,1,random,48,3023,258,397,282,258,258,SCAN,0.6210045662100456,True
4,1,random,54,2948,253,389,297,253,253,SCAN,0.6210045662100456,True
4,1,random,67,4582,252,393,327,252,252,SCAN,0.6210045662100456,True
4,1,random,60,3941,247,395,353,247,247,SCAN,0.6210045662100456,True
4,1,random,61,4786,320,393,240,240,240,SSTF,0.8640284119736175,True
4,1,random,56,4123,245,396,239,245,239,SCAN,0.6210045662100456,False
4,1,random,54,3582,320,395,318,318,318,SSTF,0.8640284119736175,True
4,1,random,49,2547,266,387,266,266,266,SCAN,0.6210045662100456,True
4,1,random,75,4965,379,395,373,373,373,SSTF,0.8640284119736175,True
4,1,random,53,3157,350,383,344,344,344,SSTF,0.8883792048929664,True
4,2,bursty,212,3899,309,397,250,250,250,SSTF,0.9778516057585825,True
4,2,bursty,36,411,227,397,90,90,90,SSTF,0.9778516057585825,True
4,2,bursty,68,901,354,381,163,163,163,SSTF,0.8883792048929664,True
4,2,bursty,28,414,151,335,151,151,151,SCAN,0.9941451990632318,True
4,2,bursty,127,5682,164,397,216,164,164,SCAN,0.6210045662100456,True
4,2,bursty,79,817,117,363,117,117,117,SCAN,0.9941451990632318,True
4,2,bursty,27,383,59,377,59,59,59,SCAN,0.9941451990632318,True
4,2,bursty,169,2352,202,397,254,202,202,SCAN,0.6210045662100456,True
4,2,bursty,87,913,396,396,183,183,183,SSTF,0.8883792048929664,True
4,2,bursty,133,1556,256,391,266,256,256,SCAN,0.6210045662100456,True
4,2,bursty,233,2380,255,351,255,255,255,SCAN,0.6210045662100456,True
4,2,bursty,36,402,180,242,180,180,180,SCAN,0.9941451990632318,True
4,2,bursty,74,590,370,396,218,218,218,SSTF,0.8640284119736175,True
4,2,bursty,96,1008,258,395,174,174,174,SSTF,0.9778516057585825,True
4,2,bursty,114,1336,280,349,280,280,280,SSTF,0.7109826589595376,True
4,2,bursty,60,542,240,397,172,172,172,SSTF,0.9778516057585825,True
4,2,bursty,39,543,181,181,181,181,181,SCAN,1.0,True
4,2,bursty,18,207,97,317,97,97,97,SCAN,0.9695431472081218,True
4,2,bursty,36,298,149,397,61,61,61,SSTF,0.9269521410579346,True
4,2,bursty,67,836,177,361,177,177,177,SCAN,0.955503512880562,True
4,2,bursty,18,177,40,40,40,40,40,SCAN,1.0,True
4,2,bursty,91,1174,271,392,187,271,187,SCAN,0.6210045662100456,False
4,2,bursty,148,1503,391,397,377,377,377,SSTF,0.8640284119736175,True
4,2,bursty,71,793,89,374,89,89,89,SCAN,0.9941451990632318,True
4,2,bursty,50,555,71,71,71,71,71,SCAN,1.0,True
4,2,bursty,56,548,250,396,155,155,155,SSTF,0.8883792048929664,True
4,2,bursty,57,557,186,378,186,186,186,SCAN,0.955503512880562,True
4,2,bursty,65,740,135,360,135,135,135,SCAN,0.9941451990632318,True
4,2,bursty,10,120,335,394,37,37,37,SSTF,0.9778516057585825,True
4,2,bursty,84,842,340,397,126,126,126,SSTF,0.9778516057585825,True
4,2,bursty,68,874,144,144,144,144,144,SCAN,1.0,True
4,2,bursty,11,256,129,306,129,129,129,SCAN,0.9695431472081218,True
4,2,bursty,59,615,156,287,156,156,156,SCAN,0.9941451990632318,True
4,2,bursty,73,1281,198,397,180,180,180,SSTF,0.9269521410579346,True
4,2,bursty,106,1128,284,395,278,278,278,SSTF,0.8883792048929664,True
4,2,bursty,94,1110,230,397,232,230,230,SCAN,0.5265423242467718,True
4,2,bursty,75,668,316,396,122,122,122,SSTF,0.9778516057585825,True
4,2,bursty,210,2438,243,396,281,243,243,SCAN,0.6210045662100456,True
4,2,bursty,103,1192,342,376,237,237,237,SSTF,0.8640284119736175,True
4,2,bursty,131,1167,348,397,195,195,195,SSTF,0.9778516057585825,True
4,2,bursty,100,1194,186,186,186,186,186,SCAN,1.0,True
4,2,bursty,33,353,76,76,76,76,76,SCAN,1.0,True
4,2,bursty,122,1456,199,386,199,199,199,SCAN,0.955503512880562,True
4,2,bursty,48,604,161,395,157,157,157,SSTF,0.9269521410579346,True
4,2,bursty,51,534,185,185,185,185,185,SCAN,1.0,True
4,2,bursty,52,610,380,395,158,158,158,SSTF,0.9778516057585825,True
4,2,bursty,21,187,41,41,41,41,41,SCAN,1.0,True
4,2,bursty,166,1936,313,396,215,215,215,SSTF,0.9778516057585825,True
4,2,bursty,38,352,41,41,41,41,41,SCAN,1.0,True
4,2,bursty,40,417,92,342,92,92,92,SCAN,0.9941451990632318,True
4,2,bursty,22,231,98,98,98,98,98,SCAN,1.0,True
4,2,bursty,133,4877,333,394,282,282,282,SSTF,0.8640284119736175,True
4,2,bursty,139,1523,202,396,229,229,202,SSTF,0.9269521410579346,False
4,2,bursty,64,717,167,167,167,167,167,SCAN,1.0,True
4,2,bursty,115,1146,99,99,99,99,99,SCAN,1.0,True
4,2,bursty,33,353,153,271,153,153,153,SCAN,0.9941451990632318,True
4,2,bursty,69,661,306,380,199,199,199,SSTF,0.9778516057585825,True
4,2,bursty,116,4718,366,397,366,366,366,SSTF,0.8640284119736175,True
4,2,bursty,111,1286,274,397,253,274,253,SCAN,0.6210045662100456,False
4,2,bursty,53,540,125,375,125,125,125,SCAN,0.955503512880562,True
4,2,bursty,64,622,230,360,226,230,226,SCAN,0.5265423242467718,False
4,2,bursty,115,1408,190,355,190,190,190,SCAN,0.955503512880562,True
4,2,bursty,97,1192,221,397,211,221,211,SCAN,0.6210045662100456,False
4,2,bursty,124,1191,254,387,286,254,254,SCAN,0.5265423242467718,True
4,2,bursty,102,964,217,349,217,217,217,SCAN,0.5265423242467718,True
4,2,bursty,50,616,315,348,211,211,211,SSTF,0.8640284119736175,True
4,2,bursty,12,217,120,120,120,120,120,SCAN,1.0,True
4,2,bursty,65,696,201,376,141,141,141,SSTF,0.9269521410579346,True
4,2,bursty,105,2067,340,383,264,264,264,SSTF,0.9778516057585825,True
4,2,bursty,72,729,118,353,118,118,118,SCAN,0.9941451990632318,True
4,2,bursty,182,2385,282,397,198,198,198,SSTF,0.9778516057585825,True
4,2,bursty,87,925,304,397,158,158,158,SSTF,0.8883792048929664,True
4,2,bursty,133,1558,164,382,164,164,164,SCAN,0.955503512880562,True
4,2,bursty,97,970,189,314,189,189,189,SCAN,0.9941451990632318,True
4,2,bursty,72,834,244,396,116,116,116,SSTF,0.9269521410579346,True
4,2,bursty,103,821,123,123,123,123,123,SSTF,0.8883792048929664,True
4,2,bursty,80,885,185,355,185,185,185,SCAN,0.955503512880562,True
4,2,bursty,89,1102,160,160,160,160,160,SCAN,1.0,True
4,2,bursty,62,619,67,396,67,67,67,SCAN,0.9941451990632318,True
4,2,bursty,73,673,274,396,236,236,236,SSTF,0.8640284119736175,True
4,2,bursty,65,631,186,318,186,186,186,SCAN,0.5265423242467718,True
4,2,bursty,89,765,331,393,178,178,178,SSTF,0.8883792048929664,True
4,2,bursty,34,248,78,396,52,52,52,SSTF,0.6009852216748769,True
4,2,bursty,75,843,249,397,168,168,168,SSTF,0.8640284119736175,True
4,2,bursty,57,537,71,71,71,71,71,SCAN,1.0,True
4,2,bursty,82,1232,261,372,145,145,145,SSTF,0.9269521410579346,True
4,2,bursty,103,1130,229,341,225,229,225,SCAN,0.6210045662100456,False
4,2,bursty,88,1009,267,369,249,267,249,SCAN,0.5265423242467718,False
4,2,bursty,70,599,94,358,94,94,94,SCAN,0.9941451990632318,True
4,2,bursty,93,981,165,165,165,165,165,SCAN,1.0,True
4,2,bursty,70,845,114,391,114,114,114,SCAN,0.9941451990632318,True
4,2,bursty,181,3835,196,396,359,196,196,SCAN,0.955503512880562,True
4,2,bursty,115,1366,377,397,211,211,211,SSTF,0.8640284119736175,True
4,2,bursty,81,1001,290,371,240,240,240,SSTF,0.8883792048929664,True
4,2,bursty,119,1170,325,397,167,167,167,SSTF,0.9778516057585825,True
4,2,bursty,97,1258,296,345,294,294,294,SSTF,0.7109826589595376,True
4,2,bursty,24,253,235,397,63,63,63,SSTF,0.9778516057585825,True
4,3,sequential,62,74,74,370,74,74,74,FCFS,1.0,True
4,3,sequential,61,247,369,395,228,228,228,SSTF,0.8640284119736175,True
4,3,sequential,63,53,53,392,53,53,53,FCFS,1.0,True
4,3,sequential,61,83,217,397,83,83,83,FCFS,1.0,True
4,3,sequential,43,33,33,397,33,33,33,FCFS,1.0,True
4,3,sequential,67,94,94,354,94,94,94,FCFS,1.0,True
4,3,sequential,52,322,310,312,310,310,310,SSTF,0.8883792048929664,True
4,3,sequential,56,64,136,397,64,64,64,FCFS,0.8,True
4,3,sequential,48,50,208,397,50,50,50,FCFS,1.0,True
4,3,sequential,45,105,72,72,72,72,72,SCAN,1.0,True
4,3,sequential,45,119,119,313,119,119,119,FCFS,1.0,True
4,3,sequential,48,289,327,343,270,270,270,SSTF,0.8640284119736175,True
4,3,sequential,49,53,93,397,53,53,53,FCFS,1.0,True
4,3,sequential,51,53,167,397,53,53,53,FCFS,1.0,True
4,3,sequential,41,78,47,47,47,47,47,SCAN,1.0,True
4,3,sequential,63,60,60,385,60,60,60,FCFS,1.0,True
4,3,sequential,57,292,322,347,275,275,275,SSTF,0.8640284119736175,True
4,3,sequential,61,49,83,397,49,49,49,FCFS,1.0,True
4,3,sequential,71,98,226,397,98,98,98,FCFS,0.6,True
4,3,sequential,43,65,65,364,65,65,65,FCFS,1.0,True
4,3,sequential,56,161,161,279,161,161,161,FCFS,1.0,True
4,3,sequential,44,410,212,397,212,212,212,SCAN,0.5265423242467718,True
4,3,sequential,43,54,54,376,54,54,54,FCFS,1.0,True
4,3,sequential,55,47,163,397,47,47,47,FCFS,1.0,True
4,3,sequential,40,88,58,58,58,58,58,SCAN,1.0,True
4,3,sequential,57,152,152,289,152,152,152,FCFS,1.0,True
4,3,sequential,51,391,218,243,218,218,218,SCAN,0.853448275862069,True
4,3,sequential,54,59,83,397,59,59,59,FCFS,1.0,True
4,3,sequential,42,153,122,122,122,122,122,SCAN,1.0,True
4,3,sequential,54,111,71,71,71,71,71,SCAN,1.0,True
4,3,sequential,53,123,123,314,123,123,123,FCFS,1.0,True
4,3,sequential,55,300,304,337,293,293,293,SSTF,0.8640284119736175,True
4,3,sequential,51,153,115,115,115,115,115,SCAN,1.0,True
4,3,sequential,44,169,137,137,137,137,137,SCAN,1.0,True
4,3,sequential,56,108,108,332,108,108,108,FCFS,1.0,True
4,3,sequential,54,84,84,355,84,84,84,FCFS,1.0,True
4,3,sequential,58,381,222,258,222,222,222,SCAN,0.6210045662100456,True
4,3,sequential,60,172,127,127,127,127,127,SCAN,1.0,True
4,3,sequential,53,73,73,364,73,73,73,FCFS,1.0,True
4,3,sequential,55,105,64,64,64,64,64,SCAN,1.0,True
4,3,sequential,52,65,335,397,65,65,65,FCFS,1.0,True
4,3,sequential,56,394,219,244,219,219,219,SCAN,0.5265423242467718,True
4,3,sequential,57,49,49,392,49,49,49,FCFS,1.0,True
4,3,sequential,57,53,173,397,53,53,53,FCFS,1.0,True
4,3,sequential,59,75,75,367,75,75,75,FCFS,1.0,True
4,3,sequential,53,60,60,377,60,60,60,FCFS,1.0,True
4,3,sequential,56,295,331,342,266,266,266,SSTF,0.8640284119736175,True
4,3,sequential,57,117,74,74,74,74,74,SCAN,1.0,True
4,3,sequential,55,165,124,124,124,124,124,SCAN,1.0,True
4,3,sequential,62,53,283,397,53,53,53,FCFS,1.0,True
4,3,sequential,61,400,205,397,205,205,205,SCAN,0.853448275862069,True
4,3,sequential,39,55,71,397,55,55,55,FCFS,0.8,True
4,3,sequential,58,195,152,152,152,152,152,SCAN,1.0,True
4,3,sequential,44,101,101,329,101,101,101,FCFS,1.0,True
4,3,sequential,54,136,136,302,136,136,136,FCFS,1.0,True
4,3,sequential,36,155,155,270,155,155,155,FCFS,1.0,True
4,3,sequential,44,383,230,246,230,230,230,SCAN,0.5265423242467718,True
4,3,sequential,32,40,74,397,40,40,40,FCFS,0.8,True
4,3,sequential,52,103,64,64,64,64,64,SCAN,1.0,True
4,3,sequential,51,88,88,348,88,88,88,FCFS,1.0,True
4,3,sequential,63,64,64,381,64,64,64,FCFS,1.0,True
4,3,sequential,51,393,209,241,209,209,209,SCAN,0.6210045662100456,True
4,3,sequential,70,166,113,113,113,113,113,SCAN,1.0,True
4,3,sequential,50,169,131,131,131,131,131,SCAN,1.0,True
4,3,sequential,51,48,240,397,48,48,48,FCFS,1.0,True
4,3,sequential,60,138,138,305,138,138,138,FCFS,1.0,True
4,3,sequential,53,386,231,250,231,231,231,SCAN,0.5265423242467718,True
4,3,sequential,54,126,86,86,86,86,86,SCAN,1.0,True
4,3,sequential,42,111,80,80,80,80,80,SCAN,1.0,True
4,3,sequential,46,109,74,74,74,74,74,SCAN,1.0,True
4,3,sequential,50,140,140,295,140,140,140,FCFS,1.0,True
4,3,sequential,53,358,245,278,245,245,245,SCAN,0.6210045662100456,True
4,3,sequential,58,84,96,397,84,84,84,FCFS,0.8,True
4,3,sequential,64,85,85,361,85,85,85,FCFS,1.0,True
4,3,sequential,51,123,123,313,123,123,123,FCFS,1.0,True
4,3,sequential,54,160,160,279,160,160,160,FCFS,1.0,True
4,3,sequential,58,325,294,315,294,294,294,SCAN,0.5265423242467718,True
4,3,sequential,49,109,72,72,72,72,72,SCAN,1.0,True
4,3,sequential,62,142,96,96,96,96,96,SCAN,1.0,True
4,3,sequential,47,77,77,356,77,77,77,FCFS,1.0,True
4,3,sequential,62,95,49,49,49,49,49,SCAN,1.0,True
4,3,sequential,59,338,292,302,292,292,292,SCAN,0.5265423242467718,True
4,3,sequential,58,206,163,163,163,163,163,SCAN,1.0,True
4,3,sequential,56,128,87,87,87,87,87,SCAN,1.0,True
4,3,sequential,44,36,36,395,36,36,36,FCFS,1.0,True
4,3,sequential,46,122,122,310,122,122,122,FCFS,1.0,True
4,3,sequential,69,420,217,397,217,217,217,SCAN,0.853448275862069,True
4,3,sequential,43,175,143,143,143,143,143,SCAN,1.0,True
4,3,sequential,54,73,219,397,73,73,73,FCFS,1.0,True
4,3,sequential,46,95,61,61,61,61,61,SCAN,1.0,True
4,3,sequential,70,353,245,295,245,245,245,SSTF,0.6009852216748769,True
4,3,sequential,48,184,148,148,148,148,148,SCAN,1.0,True
4,3,sequential,46,107,73,73,73,73,73,SCAN,1.0,True
4,3,sequential,61,125,79,79,79,79,79,SCAN,1.0,True
4,3,sequential,55,146,146,293,146,146,146,FCFS,1.0,True
4,3,sequential,57,354,247,285,247,247,247,SCAN,0.6210045662100456,True
4,3,sequential,41,47,57,397,47,47,47,FCFS,0.8,True
4,3,sequential,39,64,36,36,36,36,36,SCAN,1.0,True
4,3,sequential,55,121,80,80,80,80,80,SCAN,1.0,True
4,3,sequential,53,103,103,334,103,103,103,FCFS,1.0,True
5,0,sequential,51,875,100,339,100,100,100,SCAN,0.9941451990632318,True
5,0,sequential,62,1224,192,379,56,56,56,SSTF,0.9269521410579346,True
5,0,sequential,64,1311,67,382,67,67,67,SCAN,0.9941451990632318,True
5,0,sequential,74,2193,221,397,65,65,65,SSTF,0.9269521410579346,True
5,0,sequential,70,1838,88,88,88,88,88,SCAN,1.0,True
5,0,sequential,67,2107,91,389,91,91,91,SCAN,0.9941451990632318,True
5,0,sequential,67,2389,346,397,128,128,128,SSTF,0.9778516057585825,True
5,0,sequential,42,1382,130,367,130,130,130,SCAN,0.955503512880562,True
5,0,sequential,62,4048,216,314,216,216,216,SCAN,0.6210045662100456,True
5,0,sequential,64,4792,352,388,190,190,190,SSTF,0.8640284119736175,True
5,0,sequential,64,4427,320,338,254,254,254,SSTF,0.8640284119736175,True
5,0,sequential,47,2977,273,356,179,273,179,SCAN,0.5265423242467718,False
5,0,sequential,60,2960,229,365,229,229,229,SCAN,0.5265423242467718,True
5,0,sequential,65,2768,249,397,122,122,122,SSTF,0.9778516057585825,True
5,0,sequential,64,3203,189,366,149,149,149,SSTF,0.9269521410579346,True
5,0,sequential,63,2852,116,116,116,116,116,SCAN,1.0,True
5,0,sequential,52,2509,120,120,120,120,120,SCAN,1.0,True
5,0,sequential,59,2495,265,386,127,127,127,SSTF,0.9778516057585825,True
5,0,sequential,62,2787,232,327,122,122,122,SSTF,0.9269521410579346,True
5,0,sequential,57,2691,287,362,172,172,172,SSTF,0.9778516057585825,True
5,0,sequential,59,2517,339,394,163,163,163,SSTF,0.9778516057585825,True
5,0,sequential,54,3295,339,383,258,258,258,SSTF,0.8640284119736175,True
5,0,sequential,58,3785,200,344,192,200,192,SCAN,0.6210045662100456,False
5,0,sequential,65,3505,331,397,155,155,155,SSTF,0.8640284119736175,True
5,0,sequential,49,3063,252,368,233,252,233,SCAN,0.6210045662100456,False
5,0,sequential,63,3608,250,358,162,250,162,SCAN,0.5265423242467718,False
5,0,sequential,69,3480,310,397,184,184,184,SSTF,0.9778516057585825,True
5,0,sequential,55,2265,144,360,144,144,144,SCAN,0.955503512880562,True
5,0,sequential,64,2264,297,366,115,115,115,SSTF,0.9778516057585825,True
5,0,sequential,52,2189,126,359,126,126,126,SCAN,0.9941451990632318,True
5,0,sequential,68,3212,236,314,236,236,236,SCAN,0.6210045662100456,True
5,0,sequential,54,4040,170,170,170,170,170,SCAN,1.0,True
5,0,sequential,51,3042,250,323,238,250,238,SCAN,0.853448275862069,False
5,0,sequential,68,6239,203,257,185,203,185,SCAN,0.5265423242467718,False
5,0,sequential,56,3821,180,180,180,180,180,SCAN,1.0,True
5,0,sequential,62,5661,223,235,223,223,223,SCAN,0.5265423242467718,True
5,0,sequential,68,1428,286,287,286,286,286,SSTF,0.9269521410579346,True
5,0,sequential,46,534,139,139,139,139,139,SCAN,1.0,True
5,0,sequential,78,460,137,137,137,137,137,SCAN,1.0,True
5,0,sequential,60,272,32,385,32,32,32,SCAN,0.9941451990632318,True
5,0,sequential,60,270,26,393,26,26,26,SCAN,0.9941451990632318,True
5,0,sequential,63,641,137,397,39,39,39,SSTF,0.9269521410579346,True
5,0,sequential,73,1244,72,375,72,72,72,SCAN,0.9941451990632318,True
5,0,sequential,56,1165,61,61,61,61,61,SCAN,1.0,True
5,0,sequential,56,1779,89,89,89,89,89,SCAN,1.0,True
5,0,sequential,60,2062,96,96,96,96,96,SCAN,1.0,True
5,0,sequential,60,1410,141,345,141,141,141,SCAN,0.9941451990632318,True
5,0,sequential,56,1930,268,397,132,132,132,SSTF,0.9778516057585825,True
5,0,sequential,39,1447,269,382,109,109,109,SSTF,0.9269521410579346,True
5,0,sequential,44,1916,284,381,116,116,116,SSTF,0.9269521410579346,True
5,0,sequential,53,2763,199,397,199,199,199,SCAN,0.955503512880562,True
5,0,sequential,66,4146,204,377,196,204,196,SCAN,0.6210045662100456,False
5,0,sequential,57,3384,224,385,180,224,180,SCAN,0.5265423242467718,False
5,0,sequential,63,2958,138,138,138,138,138,SCAN,1.0,True
5,0,sequential,45,1931,305,395,117,117,117,SSTF,0.9778516057585825,True
5,0,sequential,65,2488,242,365,126,126,126,SSTF,0.9269521410579346,True
5,0,sequential,48,1578,148,350,148,148,148,SCAN,0.9941451990632318,True
5,0,sequential,49,1794,105,105,105,105,105,SCAN,1.0,True
5,0,sequential,62,1915,305,395,137,137,137,SSTF,0.9778516057585825,True
5,0,sequential,66,1944,120,370,120,120,120,SCAN,0.9941451990632318,True
5,0,sequential,64,2279,342,346,301,301,301,SSTF,0.8640284119736175,True
5,0,sequential,64,4086,162,397,154,162,154,SCAN,0.6210045662100456,False
5,0,sequential,52,3741,238,332,206,238,206,SCAN,0.5265423242467718,False
5,0,sequential,60,4405,337,389,184,184,184,SSTF,0.8640284119736175,True
5,0,sequential,51,3199,343,397,208,208,208,SSTF,0.8640284119736175,True
5,0,sequential,57,3964,336,383,261,261,261,SSTF,0.8640284119736175,True
5,0,sequential,52,3624,184,371,176,184,176,SCAN,0.6210045662100456,False
5,0,sequential,55,3190,214,392,216,214,214,SCAN,0.6210045662100456,True
5,0,sequential,60,4463,277,340,229,229,229,SSTF,0.8640284119736175,True
5,0,sequential,58,3294,274,328,198,198,198,SSTF,0.9778516057585825,True
5,0,sequential,71,3758,137,392,137,137,137,SCAN,0.955503512880562,True
5,0,sequential,58,2930,148,366,148,148,148,SCAN,0.955503512880562,True
5,0,sequential,59,3032,140,368,140,140,140,SCAN,0.955503512880562,True
5,0,sequential,73,2929,333,348,145,145,145,SSTF,0.9778516057585825,True
5,0,sequential,45,1721,91,390,91,91,91,SCAN,0.8333333333333334,True
5,0,sequential,60,2609,271,347,326,271,271,SCAN,0.6210045662100456,True
5,0,sequential,63,5496,195,195,195,195,195,SCAN,1.0,True
5,0,sequential,66,4671,331,397,216,216,216,SSTF,0.8640284119736175,True
5,0,sequential,50,3446,359,397,227,227,227,SSTF,0.8640284119736175,True
5,0,sequential,67,4764,310,351,287,287,287,SSTF,0.8640284119736175,True
5,0,sequential,68,6112,325,382,198,198,198,SSTF,0.8640284119736175,True
5,0,sequential,62,4030,294,330,246,246,246,SSTF,0.8640284119736175,True
5,0,sequential,69,5105,177,388,177,177,177,SCAN,0.6,True
5,0,sequential,78,3305,350,352,247,247,247,SSTF,0.8883792048929664,True
5,0,sequential,74,1768,155,155,155,155,155,SCAN,1.0,True
5,0,sequential,50,1666,164,382,111,111,111,SSTF,0.9269521410579346,True
5,0,sequential,63,2745,169,169,169,169,169,SCAN,1.0,True
5,0,sequential,56,2128,107,107,107,107,107,SCAN,1.0,True
5,0,sequential,71,2901,121,386,121,121,121,SCAN,0.955503512880562,True
5,0,sequential,63,3118,139,139,139,139,139,SCAN,1.0,True
5,0,sequential,78,3947,164,356,164,164,164,SCAN,0.955503512880562,True
5,0,sequential,65,3767,278,302,148,278,148,SCAN,0.5265423242467718,False
5,0,sequential,75,3836,355,358,242,242,242,SSTF,0.8883792048929664,True
5,0,sequential,62,2173,94,94,94,94,94,SCAN,1.0,True
5,0,sequential,56,1460,106,106,106,106,106,SCAN,1.0,True
5,0,sequential,64,1885,138,138,138,138,138,SCAN,1.0,True
5,0,sequential,58,1381,97,362,97,97,97,SCAN,0.9941451990632318,True
5,0,sequential,59,1151,239,390,91,91,91,SSTF,0.9778516057585825,True
5,0,sequential,55,893,86,86,86,86,86,SCAN,1.0,True
5,0,sequential,53,938,89,358,89,89,89,SCAN,0.9941451990632318,True
5,1,random,19,1228,327,394,341,341,327,SSTF,0.8640284119736175,False
5,1,random,28,1931,208,393,337,208,208,SCAN,0.6210045662100456,True
5,1,random,28,1257,347,390,261,261,261,SSTF,0.8640284119736175,True
5,1,random,37,3117,385,387,385,385,385,SSTF,0.8640284119736175,True
5,1,random,31,2049,319,391,265,265,265,SSTF,0.8640284119736175,True
5,1,random,18,1145,282,375,280,280,280,SSTF,0.7128205128205128,True
5,1,random,32,1922,213,388,201,213,201,SCAN,0.6210045662100456,False
5,1,random,19,1233,281,366,269,269,269,SSTF,0.7128205128205128,True
5,1,random,33,2409,363,391,206,206,206,SSTF,0.8640284119736175,True
5,1,random,26,2302,359,396,359,359,359,SSTF,0.8640284119736175,True
5,1,random,24,1340,152,392,152,152,152,SCAN,0.955503512880562,True
5,1,random,27,1515,292,382,286,286,286,SSTF,0.8640284119736175,True
5,1,random,30,2093,377,382,365,365,365,SSTF,0.8640284119736175,True
5,1,random,34,1851,274,396,289,274,274,SCAN,0.5265423242467718,True
5,1,random,24,1510,179,395,179,179,179,SCAN,0.955503512880562,True
5,1,random,25,2081,339,382,325,325,325,SSTF,0.8640284119736175,True
5,1,random,23,1428,387,391,357,357,357,SSTF,0.8883792048929664,True
5,1,random,31,1895,380,382,209,209,209,SSTF,0.8883792048929664,True
5,1,random,22,1180,210,383,186,210,186,SCAN,0.6210045662100456,False
5,1,random,20,1672,207,397,205,207,205,SCAN,0.6210045662100456,False
5,1,random,32,2192,188,397,190,188,188,SCAN,0.6210045662100456,True
5,1,random,26,1792,229,379,213,229,213,SCAN,0.6210045662100456,False
5,1,random,24,1925,366,390,366,366,366,SSTF,0.8640284119736175,True
5,1,random,29,2419,273,389,291,273,273,SCAN,0.5265423242467718,True
5,1,random,29,2074,299,384,293,293,293,SSTF,0.7109826589595376,True
5,1,random,29,1868,284,386,242,284,242,SCAN,0.5265423242467718,False
5,1,random,21,1174,363,387,208,208,208,SSTF,0.8640284119736175,True
5,1,random,20,1602,351,375,349,349,349,SSTF,0.8640284119736175,True
5,1,random,24,1275,236,397,322,322,236,SSTF,0.9269521410579346,False
5,1,random,20,1134,261,392,332,261,261,SCAN,0.6210045662100456,True
5,1,random,29,1975,220,387,338,220,220,SCAN,0.6210045662100456,True
5,1,random,26,1467,205,395,369,205,205,SCAN,0.6210045662100456,True
5,1,random,22,1542,333,384,309,309,309,SSTF,0.8640284119736175,True
5,1,random,31,2140,325,396,243,243,243,SSTF,0.8640284119736175,True
5,1,random,23,1373,250,392,345,250,250,SCAN,0.6210045662100456,True
5,1,random,30,1539,195,394,195,195,195,SCAN,0.955503512880562,True
5,1,random,24,1330,284,393,314,314,284,SSTF,0.7128205128205128,False
5,1,random,19,1465,337,375,333,333,333,SSTF,0.8883792048929664,True
5,1,random,28,1658,344,378,330,330,330,SSTF,0.8883792048929664,True
5,1,random,21,1374,207,397,193,207,193,SCAN,0.6210045662100456,False
5,1,random,30,2406,303,391,291,291,291,SSTF,0.8640284119736175,True
5,1,random,23,1556,214,395,335,214,214,SCAN,0.6210045662100456,True
5,1,random,31,1791,280,397,332,280,280,SCAN,0.5265423242467718,True
5,1,random,31,2160,201,390,201,201,201,SCAN,0.6210045662100456,True
5,1,random,22,1538,203,397,191,203,191,SCAN,0.8666666666666667,False
5,1,random,21,1438,378,386,206,206,206,SSTF,0.8640284119736175,True
5,1,random,27,2086,377,396,204,204,204,SSTF,0.8640284119736175,True
5,1,random,17,653,305,377,265,265,265,SSTF,0.9778516057585825,True
5,1,random,17,1363,274,393,297,274,274,SCAN,0.6210045662100456,True
5,1,random,33,1962,195,394,195,195,195,SCAN,0.955503512880562,True
5,1,random,18,1414,321,377,237,237,237,SSTF,0.8640284119736175,True
5,1,random,38,2410,252,385,248,252,248,SCAN,0.6210045662100456,False
5,1,random,23,1592,375,396,359,359,359,SSTF,0.8883792048929664,True
5,1,random,27,2246,296,370,290,290,290,SSTF,0.7109826589595376,True
5,1,random,27,1699,241,396,344,241,241,SCAN,0.6210045662100456,True
5,1,random,26,1544,240,394,331,240,240,SCAN,0.6210045662100456,True
5,1,random,30,1588,317,391,275,275,275,SSTF,0.9778516057585825,True
5,1,random,30,1842,289,393,276,276,276,SSTF,0.9778516057585825,True
5,1,random,31,1991,386,390,376,376,376,SSTF,0.8640284119736175,True
5,1,random,27,1948,188,392,300,188,188,SCAN,0.6210045662100456,True
5,1,random,35,2199,180,180,180,180,180,SCAN,1.0,True
5,1,random,21,1339,202,397,361,202,202,SCAN,0.6210045662100456,True
5,1,random,35,2215,355,396,373,373,355,SSTF,0.8883792048929664,False
5,1,random,28,1838,351,383,323,323,323,SSTF,0.8640284119736175,True
5,1,random,22,1483,218,397,210,218,210,SCAN,0.6210045662100456,False
5,1,random,26,1583,340,393,304,304,304,SSTF,0.8640284119736175,True
5,1,random,29,2068,359,397,232,232,232,SSTF,0.8640284119736175,True
5,1,random,31,2519,286,393,305,286,286,SCAN,0.5265423242467718,True
5,1,random,25,2261,335,392,257,257,257,SSTF,0.8640284119736175,True
5,1,random,26,1703,279,382,257,257,257,SSTF,0.7128205128205128,True
5,1,random,21,1274,308,387,270,270,270,SSTF,0.9778516057585825,True
5,1,random,38,2289,300,392,290,290,290,SSTF,0.9778516057585825,True
5,1,random,19,1431,305,396,283,283,283,SSTF,0.8640284119736175,True
5,1,random,25,1828,377,391,377,377,377,SSTF,0.8640284119736175,True
5,1,random,23,1386,340,396,201,201,201,SSTF,0.8883792048929664,True
5,1,random,28,1637,340,397,348,348,340,SSTF,0.8640284119736175,False
5,1,random,19,1076,199,392,331,199,199,SCAN,0.6210045662100456,True
5,1,random,24,1170,275,387,275,275,275,SSTF,0.7128205128205128,True
5,1,random,33,2772,315,397,268,268,268,SSTF,0.8640284119736175,True
5,1,random,30,2048,216,390,351,216,216,SCAN,0.6210045662100456,True
5,1,random,29,1374,259,394,305,305,259,SSTF,0.9269521410579346,False
5,1,random,24,1887,371,397,205,205,205,SSTF,0.8640284119736175,True
5,1,random,21,1451,253,391,356,253,253,SCAN,0.6210045662100456,True
5,1,random,25,1215,270,395,208,208,208,SSTF,0.9778516057585825,True
5,1,random,21,1195,216,381,170,216,170,SCAN,0.6210045662100456,False
5,1,random,33,2238,246,394,238,246,238,SCAN,0.6210045662100456,False
5,1,random,25,2069,363,393,194,194,194,SSTF,0.8640284119736175,True
5,1,random,23,1289,299,395,269,269,269,SSTF,0.9778516057585825,True
5,1,random,32,2084,311,395,266,266,266,SSTF,0.9778516057585825,True
5,1,random,31,1998,192,392,184,192,184,SCAN,0.6210045662100456,False
5,1,random,24,1962,254,393,274,254,254,SCAN,0.6210045662100456,True
5,1,random,29,1878,338,396,332,332,332,SSTF,0.8640284119736175,True
5,1,random,19,1292,183,376,183,183,183,SCAN,0.9032258064516129,True
5,1,random,31,1896,319,395,275,275,275,SSTF,0.9778516057585825,True
5,1,random,22,1142,321,394,315,315,315,SSTF,0.8640284119736175,True
5,1,random,27,1707,314,391,290,290,290,SSTF,0.9778516057585825,True
5,1,random,28,2021,312,388,308,308,308,SSTF,0.8640284119736175,True
5,1,random,24,1793,334,396,262,262,262,SSTF,0.8640284119736175,True
5,1,random,29,1815,244,388,308,244,244,SCAN,0.6210045662100456,True
5,1,random,29,1610,298,396,256,256,256,SSTF,0.9778516057585825,True
5,2,bursty,17,322,329,397,47,47,47,SSTF,0.8883792048929664,True
5,2,bursty,76,787,281,397,122,122,122,SSTF,0.8883792048929664,True
5,2,bursty,53,596,104,104,104,104,104,SCAN,1.0,True
5,2,bursty,14,169,68,358,68,68,68,SCAN,0.9695431472081218,True
5,2,bursty,40,507,117,337,117,117,117,SCAN,0.9941451990632318,True
5,2,bursty,52,634,111,111,111,111,111,SCAN,1.0,True
5,2,bursty,29,395,157,157,157,157,157,SCAN,1.0,True
5,2,bursty,90,854,195,195,195,195,195,SCAN,1.0,True
5,2,bursty,56,581,73,73,73,73,73,SCAN,1.0,True
5,2,bursty,65,645,102,340,102,102,102,SCAN,0.9941451990632318,True
5,2,bursty,45,522,325,363,197,197,197,SSTF,0.8640284119736175,True
5,2,bursty,14,145,62,62,62,62,62,SCAN,1.0,True
5,2,bursty,50,521,343,396,59,59,59,SSTF,0.9778516057585825,True
5,2,bursty,31,273,70,357,70,70,70,SCAN,0.9941451990632318,True
5,2,bursty,67,630,152,350,152,152,152,SCAN,0.9941451990632318,True
5,2,bursty,124,1342,274,397,176,176,176,SSTF,0.9269521410579346,True
5,2,bursty,16,223,112,112,112,112,112,SCAN,1.0,True
5,2,bursty,45,385,85,85,85,85,85,SCAN,1.0,True
5,2,bursty,94,879,102,397,120,120,102,SSTF,0.6009852216748769,False
5,2,bursty,62,731,201,396,161,161,161,SSTF,0.6009852216748769,True
5,2,bursty,102,1107,172,172,172,172,172,SCAN,1.0,True
5,2,bursty,66,797,160,160,160,160,160,SCAN,1.0,True
5,2,bursty,61,701,274,396,200,274,200,SCAN,0.6210045662100456,False
5,2,bursty,42,417,235,396,150,150,150,SSTF,0.9778516057585825,True
5,2,bursty,15,168,56,56,56,56,56,SCAN,1.0,True
5,2,bursty,94,1093,233,393,171,233,171,SCAN,0.6210045662100456,False
5,2,bursty,12,125,302,396,31,31,31,SSTF,0.8883792048929664,True
5,2,bursty,50,449,80,396,42,42,42,SSTF,0.6009852216748769,True
5,2,bursty,25,277,57,57,57,57,57,SCAN,1.0,True
5,2,bursty,89,1048,106,391,106,106,106,SCAN,0.9941451990632318,True
5,2,bursty,48,457,82,384,82,82,82,SSTF,0.6009852216748769,True
5,2,bursty,12,253,180,237,180,180,180,SCAN,0.9695431472081218,True
5,2,bursty,10,179,97,320,97,97,97,SCAN,0.9695431472081218,True
5,2,bursty,114,1330,345,393,327,327,327,SSTF,0.8640284119736175,True
5,2,bursty,97,1159,200,397,166,200,166,SCAN,0.6210045662100456,False
5,2,bursty,110,1387,173,395,173,173,173,SCAN,0.6210045662100456,True
5,2,bursty,70,673,98,98,98,98,98,SCAN,1.0,True
5,2,bursty,52,738,323,385,193,193,193,SSTF,0.8640284119736175,True
5,2,bursty,46,525,275,394,153,275,153,SCAN,0.6210045662100456,False
5,2,bursty,82,1160,199,397,219,199,199,SCAN,0.6210045662100456,True
5,2,bursty,29,315,262,392,80,80,80,SSTF,0.9778516057585825,True
5,2,bursty,62,690,151,151,151,151,151,SCAN,1.0,True
5,2,bursty,62,1986,252,322,248,252,248,SCAN,0.5265423242467718,False
5,2,bursty,69,1012,135,135,135,135,135,SCAN,1.0,True
5,2,bursty,35,456,138,138,138,138,138,SCAN,1.0,True
5,2,bursty,75,729,89,382,89,89,89,SCAN,0.9941451990632318,True
5,2,bursty,44,486,71,393,71,71,71,SCAN,0.9941451990632318,True
5,2,bursty,172,1763,253,397,223,253,223,SCAN,0.5265423242467718,False
5,2,bursty,25,229,101,101,101,101,101,SCAN,1.0,True
5,2,bursty,37,445,75,371,75,75,75,SCAN,0.9941451990632318,True
5,2,bursty,18,229,69,359,69,69,69,SCAN,0.9695431472081218,True
5,2,bursty,81,800,143,143,143,143,143,SCAN,1.0,True
5,2,bursty,49,608,106,349,106,106,106,SCAN,0.9941451990632318,True
5,2,bursty,25,253,56,374,56,56,56,SCAN,0.9941451990632318,True
5,2,bursty,38,356,109,109,109,109,109,SCAN,1.0,True
5,2,bursty,90,996,308,371,238,238,238,SSTF,0.8640284119736175,True
5,2,bursty,69,705,328,395,102,102,102,SSTF,0.8883792048929664,True
5,2,bursty,60,558,282,386,148,148,148,SSTF,0.9778516057585825,True
5,2,bursty,48,518,53,394,53,53,53,SCAN,0.9941451990632318,True
5,2,bursty,14,290,165,165,165,165,165,SCAN,1.0,True
5,2,bursty,11,173,63,367,63,63,63,SCAN,0.9695431472081218,True
5,2,bursty,113,1423,199,199,199,199,199,SCAN,1.0,True
5,2,bursty,57,590,114,114,114,114,114,SCAN,1.0,True
5,2,bursty,80,817,144,144,144,144,144,SCAN,1.0,True
5,2,bursty,66,702,305,397,165,165,165,SSTF,0.9778516057585825,True
5,2,bursty,16,110,15,15,15,15,15,SSTF,0.6009852216748769,True
5,2,bursty,22,202,33,33,33,33,33,SCAN,1.0,True
5,2,bursty,41,520,321,395,214,214,214,SSTF,0.9778516057585825,True
5,2,bursty,110,3073,225,394,199,225,199,SCAN,0.6210045662100456,False
5,2,bursty,36,387,168,397,148,148,148,SSTF,0.6009852216748769,True
5,2,bursty,26,264,54,380,54,54,54,SCAN,0.9941451990632318,True
5,2,bursty,45,674,159,159,159,159,159,SCAN,1.0,True
5,2,bursty,98,1004,185,396,167,167,167,SSTF,0.6009852216748769,True
5,2,bursty,40,351,375,395,27,27,27,SSTF,0.9778516057585825,True
5,2,bursty,34,335,49,49,49,49,49,SCAN,1.0,True
5,2,bursty,84,2887,214,397,266,214,214,SCAN,0.6210045662100456,True
5,2,bursty,40,468,89,89,89,89,89,SCAN,1.0,True
5,2,bursty,50,504,109,109,109,109,109,SCAN,1.0,True
5,2,bursty,38,451,67,364,67,67,67,SCAN,0.9941451990632318,True
5,2,bursty,75,873,192,396,122,122,122,SSTF,0.6009852216748769,True
5,2,bursty,88,1199,200,397,275,200,200,SCAN,0.6210045662100456,True
5,2,bursty,38,339,181,235,181,181,181,SCAN,0.9941451990632318,True
5,2,bursty,192,2202,223,397,374,223,223,SCAN,0.6210045662100456,True
5,2,bursty,60,907,326,397,161,161,161,SSTF,0.8883792048929664,True
5,2,bursty,28,283,57,57,57,57,57,SCAN,1.0,True
5,2,bursty,64,622,136,329,136,136,136,SCAN,0.9941451990632318,True
5,3,sequential,33,56,56,371,56,56,56,FCFS,1.0,True
5,3,sequential,23,55,55,362,55,55,55,FCFS,1.0,True
5,3,sequential,32,83,83,343,83,83,83,FCFS,1.0,True
5,3,sequential,24,369,235,247,235,235,235,SSTF,0.7128205128205128,True
5,3,sequential,15,89,77,77,77,77,77,SCAN,1.0,True
5,3,sequential,26,60,37,37,37,37,37,SCAN,1.0,True
5,3,sequential,22,49,49,368,49,49,49,FCFS,0.9,True
5,3,sequential,27,54,54,367,54,54,54,FCFS,1.0,True
5,3,sequential,19,58,42,42,42,42,42,SCAN,1.0,True
5,3,sequential,23,21,231,397,21,21,21,FCFS,1.0,True
5,3,sequential,16,73,59,59,59,59,59,SCAN,1.0,True
5,3,sequential,25,77,56,56,56,56,56,SCAN,1.0,True
5,3,sequential,18,129,129,284,129,129,129,FCFS,1.0,True
5,3,sequential,24,35,35,383,35,35,35,FCFS,1.0,True
5,3,sequential,24,339,278,278,278,278,278,SSTF,0.9269521410579346,True
5,3,sequential,26,128,106,106,106,106,106,SCAN,1.0,True
5,3,sequential,20,50,33,33,33,33,33,SCAN,1.0,True
5,3,sequential,25,73,73,346,73,73,73,FCFS,1.0,True
5,3,sequential,26,27,195,397,27,27,27,FCFS,1.0,True
5,3,sequential,18,107,92,92,92,92,92,SCAN,1.0,True
5,3,sequential,29,50,25,25,25,50,25,FCFS,0.6,False
5,3,sequential,26,48,48,372,48,48,48,FCFS,1.0,True
5,3,sequential,26,34,378,397,34,34,34,FCFS,1.0,True
5,3,sequential,21,245,365,369,232,232,232,SSTF,0.8640284119736175,True
5,3,sequential,24,122,102,102,102,102,102,SCAN,1.0,True
5,3,sequential,19,27,97,397,27,27,27,FCFS,0.8,True
5,3,sequential,33,54,54,373,54,54,54,FCFS,0.9,True
5,3,sequential,33,100,100,327,100,100,100,FCFS,0.9,True
5,3,sequential,25,93,93,326,93,93,93,FCFS,1.0,True
5,3,sequential,19,26,26,388,26,26,26,FCFS,0.9,True
5,3,sequential,33,46,346,397,46,46,46,FCFS,1.0,True
5,3,sequential,26,260,339,359,258,258,258,SSTF,0.8640284119736175,True
5,3,sequential,25,156,134,134,134,134,134,SCAN,1.0,True
5,3,sequential,27,174,151,151,151,151,151,SCAN,1.0,True
5,3,sequential,23,28,126,397,28,28,28,FCFS,1.0,True
5,3,sequential,24,146,125,125,125,125,125,SCAN,1.0,True
5,3,sequential,28,45,227,397,45,45,45,FCFS,0.6,True
5,3,sequential,27,95,95,327,95,95,95,FCFS,1.0,True
5,3,sequential,27,57,33,33,33,33,33,SCAN,1.0,True
5,3,sequential,21,108,108,308,108,108,108,FCFS,1.0,True
5,3,sequential,30,401,204,397,204,204,204,SCAN,0.853448275862069,True
5,3,sequential,19,44,28,28,28,28,28,SCAN,1.0,True
5,3,sequential,22,114,96,96,96,96,96,SCAN,1.0,True
5,3,sequential,28,27,117,397,27,27,27,FCFS,1.0,True
5,3,sequential,25,72,72,348,72,72,72,FCFS,1.0,True
5,3,sequential,25,121,100,100,100,100,100,SCAN,1.0,True
5,3,sequential,17,97,83,83,83,83,83,SCAN,1.0,True
5,3,sequential,25,67,67,352,67,67,67,FCFS,1.0,True
5,3,sequential,32,30,334,397,30,30,30,FCFS,1.0,True
5,3,sequential,22,52,52,364,52,52,52,FCFS,1.0,True
5,3,sequential,32,52,52,397,52,52,52,FCFS,0.8,True
5,3,sequential,27,24,82,397,24,24,24,FCFS,1.0,True
5,3,sequential,20,88,71,71,71,71,71,SCAN,1.0,True
5,3,sequential,22,128,109,109,109,109,109,SCAN,1.0,True
5,3,sequential,25,48,27,27,27,27,27,SCAN,1.0,True
5,3,sequential,21,83,83,333,83,83,83,FCFS,0.9,True
5,3,sequential,24,21,283,397,21,21,21,FCFS,1.0,True
5,3,sequential,29,135,135,288,135,135,135,FCFS,0.9,True
5,3,sequential,28,321,278,299,278,278,278,SCAN,0.6210045662100456,True
5,3,sequential,22,185,166,166,166,166,166,SCAN,1.0,True
5,3,sequential,27,117,94,94,94,94,94,SCAN,1.0,True
5,3,sequential,24,47,27,27,27,27,27,SCAN,1.0,True
5,3,sequential,21,116,98,98,98,98,98,SCAN,1.0,True
5,3,sequential,34,71,42,42,42,42,42,SCAN,1.0,True
5,3,sequential,22,116,116,301,116,116,116,FCFS,1.0,True
5,3,sequential,23,69,50,50,50,50,50,SCAN,1.0,True
5,3,sequential,17,141,141,271,141,141,141,FCFS,1.0,True
5,3,sequential,29,120,120,303,120,120,120,FCFS,1.0,True
5,3,sequential,22,352,262,263,262,262,262,SSTF,0.7128205128205128,True
5,3,sequential,16,50,37,37,37,37,37,SCAN,1.0,True
5,3,sequential,26,53,53,367,53,53,53,FCFS,0.9,True
5,3,sequential,23,118,99,99,99,99,99,SCAN,1.0,True
5,3,sequential,16,121,107,107,107,107,107,SCAN,1.0,True
5,3,sequential,28,36,36,386,36,36,36,FCFS,1.0,True
5,3,sequential,24,89,69,69,69,69,69,SCAN,1.0,True
5,3,sequential,30,161,161,263,161,161,161,FCFS,0.9,True
5,3,sequential,28,40,40,382,40,40,40,FCFS,0.9,True
5,3,sequential,19,399,202,397,202,202,202,SCAN,0.853448275862069,True
5,3,sequential,18,138,122,122,122,122,122,SCAN,1.0,True
5,3,sequential,25,157,135,135,135,135,135,SCAN,1.0,True
5,3,sequential,26,80,58,58,58,58,58,SCAN,1.0,True
5,3,sequential,21,34,34,382,34,34,34,FCFS,0.9,True
5,3,sequential,23,27,27,390,27,27,27,FCFS,1.0,True
5,3,sequential,28,60,60,362,60,60,60,FCFS,1.0,True
5,3,sequential,26,54,32,32,32,32,32,SCAN,1.0,True
5,3,sequential,21,129,129,287,129,129,129,FCFS,0.9,True
5,3,sequential,28,95,95,327,95,95,95,FCFS,1.0,True
5,3,sequential,17,263,345,347,252,252,252,SSTF,0.8640284119736175,True
5,3,sequential,14,32,21,21,21,21,21,SCAN,1.0,True
5,3,sequential,30,135,109,109,109,109,109,SCAN,1.0,True
5,3,sequential,22,61,42,42,42,42,42,SCAN,1.0,True
5,3,sequential,23,59,59,359,59,59,59,FCFS,0.9,True
5,3,sequential,27,111,111,310,111,111,111,FCFS,1.0,True
5,3,sequential,30,63,63,361,63,63,63,FCFS,1.0,True
5,3,sequential,23,69,50,50,50,50,50,SCAN,1.0,True
5,3,sequential,27,26,350,397,26,26,26,FCFS,1.0,True
5,3,sequential,31,268,342,355,255,255,255,SSTF,0.8640284119736175,True
5,3,sequential,21,109,91,91,91,91,91,SCAN,1.0,True
5,3,sequential,31,127,100,100,100,100,100,SCAN,1.0,True
5,3,sequential,24,139,119,119,119,119,119,SCAN,1.0,True
6,0,sequential,41,1603,225,369,132,132,132,SSTF,0.9269521410579346,True
6,0,sequential,38,1456,277,397,99,99,99,SSTF,0.8883792048929664,True
6,0,sequential,53,1783,255,397,145,145,145,SSTF,0.9778516057585825,True
6,0,sequential,52,2532,112,112,112,112,112,SCAN,1.0,True
6,0,sequential,40,2304,265,361,135,135,135,SSTF,0.9269521410579346,True
6,0,sequential,51,2427,136,383,136,136,136,SCAN,0.955503512880562,True
6,0,sequential,41,2528,300,356,355,355,300,SSTF,0.7109826589595376,False
6,0,sequential,38,2794,310,397,168,168,168,SSTF,0.8640284119736175,True
6,0,sequential,43,3663,265,341,239,239,239,SSTF,0.7109826589595376,True
6,0,sequential,49,2940,275,331,231,231,231,SSTF,0.7109826589595376,True
6,0,sequential,42,2901,373,397,181,181,181,SSTF,0.8640284119736175,True
6,0,sequential,33,1768,174,383,174,174,174,SCAN,0.955503512880562,True
6,0,sequential,45,2627,346,349,251,251,251,SSTF,0.8640284119736175,True
6,0,sequential,39,1477,120,120,120,120,120,SCAN,1.0,True
6,0,sequential,50,2105,129,349,109,109,109,SSTF,0.6009852216748769,True
6,0,sequential,40,1785,146,346,106,106,106,SSTF,0.6009852216748769,True
6,0,sequential,46,1862,143,143,143,143,143,SCAN,1.0,True
6,0,sequential,37,1279,86,86,86,86,86,SCAN,1.0,True
6,0,sequential,39,1251,177,338,83,83,83,SSTF,0.9269521410579346,True
6,0,sequential,47,1270,226,369,122,122,122,SSTF,0.9269521410579346,True
6,0,sequential,45,1858,129,129,129,129,129,SCAN,1.0,True
6,0,sequential,63,1906,263,373,117,117,117,SSTF,0.9778516057585825,True
6,0,sequential,43,1586,124,359,124,124,124,SCAN,0.9941451990632318,True
6,0,sequential,36,1134,276,397,92,92,92,SSTF,0.9778516057585825,True
6,0,sequential,37,1318,164,317,164,164,164,SCAN,0.9941451990632318,True
6,0,sequential,34,1109,159,322,159,159,159,SCAN,0.9941451990632318,True
6,0,sequential,38,1518,175,305,175,175,175,SCAN,0.9941451990632318,True
6,0,sequential,39,1795,192,192,192,192,192,SCAN,1.0,True
6,0,sequential,35,2497,218,321,206,218,206,SCAN,0.5265423242467718,False
6,0,sequential,52,3284,270,362,219,219,219,SSTF,0.7109826589595376,True
6,0,sequential,48,3441,255,336,197,255,197,SCAN,0.5265423242467718,False
6,0,sequential,53,2737,259,321,173,259,173,SCAN,0.6210045662100456,False
6,0,sequential,41,2559,269,318,163,269,163,SCAN,0.6210045662100456,False
6,0,sequential,41,2470,127,395,127,127,127,SCAN,0.955503512880562,True
6,0,sequential,36,2091,128,128,128,128,128,SCAN,1.0,True
6,0,sequential,48,2340,270,390,306,270,270,SCAN,0.6210045662100456,True
6,0,sequential,47,4467,279,388,307,279,279,SCAN,0.853448275862069,True
6,0,sequential,26,1176,142,142,142,142,142,SCAN,1.0,True
6,0,sequential,55,2895,139,139,139,139,139,SCAN,1.0,True
6,0,sequential,34,2316,249,397,131,131,131,SSTF,0.8883792048929664,True
6,0,sequential,43,2511,242,378,156,156,156,SSTF,0.9778516057585825,True
6,0,sequential,55,2912,266,376,173,173,173,SSTF,0.8640284119736175,True
6,0,sequential,54,3118,256,338,220,256,220,SCAN,0.5265423242467718,False
6,0,sequential,40,2990,333,393,164,164,164,SSTF,0.8640284119736175,True
6,0,sequential,45,3534,217,350,165,217,165,SCAN,0.6210045662100456,False
6,0,sequential,40,3749,369,381,198,198,198,SSTF,0.8640284119736175,True
6,0,sequential,39,1788,377,377,220,220,220,SSTF,0.8883792048929664,True
6,0,sequential,42,1498,137,391,139,139,137,SSTF,0.6009852216748769,False
6,0,sequential,38,1577,162,337,118,118,118,SSTF,0.9269521410579346,True
6,0,sequential,46,2063,128,128,128,128,128,SCAN,1.0,True
6,0,sequential,51,1961,131,131,131,131,131,SCAN,1.0,True
6,0,sequential,40,1581,243,363,136,136,136,SSTF,0.9778516057585825,True
6,0,sequential,44,1161,97,396,97,97,97,SCAN,0.955503512880562,True
6,0,sequential,53,2561,127,127,127,127,127,SCAN,1.0,True
6,0,sequential,45,1914,121,121,121,121,121,SCAN,1.0,True
6,0,sequential,40,2122,298,329,164,164,164,SSTF,0.9778516057585825,True
6,0,sequential,40,2044,362,377,149,149,149,SSTF,0.8883792048929664,True
6,0,sequential,44,1751,329,397,209,209,209,SSTF,0.8883792048929664,True
6,0,sequential,43,2964,206,385,217,206,206,SCAN,0.5265423242467718,True
6,0,sequential,36,1883,151,151,151,151,151,SCAN,1.0,True
6,0,sequential,34,2303,183,397,149,183,149,SCAN,0.6210045662100456,False
6,0,sequential,49,2500,334,397,161,161,161,SSTF,0.8640284119736175,True
6,0,sequential,38,1868,316,359,191,191,191,SSTF,0.9778516057585825,True
6,0,sequential,48,2927,256,369,170,256,170,SCAN,0.5265423242467718,False
6,0,sequential,40,2062,194,347,194,194,194,SCAN,0.955503512880562,True
6,0,sequential,53,2246,141,366,141,141,141,SSTF,0.6009852216748769,True
6,0,sequential,49,1818,200,377,149,149,149,SSTF,0.9269521410579346,True
6,0,sequential,44,1742,142,142,142,142,142,SCAN,1.0,True
6,0,sequential,44,2415,185,361,135,135,135,SSTF,0.9269521410579346,True
6,0,sequential,49,1759,248,397,95,95,95,SSTF,0.9778516057585825,True
6,0,sequential,49,1566,98,391,98,98,98,SCAN,0.9941451990632318,True
6,0,sequential,53,2140,272,391,121,121,121,SSTF,0.9778516057585825,True
6,0,sequential,35,1989,255,359,135,135,135,SSTF,0.9778516057585825,True
6,0,sequential,44,1828,120,373,120,120,120,SCAN,0.955503512880562,True
6,0,sequential,51,1960,332,389,112,112,112,SSTF,0.9778516057585825,True
6,0,sequential,56,2145,93,93,93,93,93,SCAN,1.0,True
6,0,sequential,43,1407,330,379,149,149,149,SSTF,0.9778516057585825,True
6,0,sequential,41,2372,242,326,242,242,242,SCAN,0.6210045662100456,True
6,0,sequential,56,3436,233,343,223,233,223,SCAN,0.6210045662100456,False
6,0,sequential,46,3341,178,178,178,178,178,SCAN,1.0,True
6,0,sequential,48,2700,241,313,191,241,191,SCAN,0.6210045662100456,False
6,0,sequential,43,2209,222,278,158,222,158,SCAN,0.6210045662100456,False
6,0,sequential,54,2690,356,393,165,165,165,SSTF,0.8640284119736175,True
6,0,sequential,41,2038,345,367,181,181,181,SSTF,0.8640284119736175,True
6,0,sequential,41,3024,322,329,322,322,322,SSTF,0.8640284119736175,True
6,0,sequential,43,4005,259,394,281,259,259,SCAN,0.5265423242467718,True
6,0,sequential,42,1447,129,376,111,111,111,SSTF,0.9269521410579346,True
6,0,sequential,44,1569,167,167,167,167,167,SCAN,1.0,True
6,0,sequential,42,1655,172,388,106,106,106,SSTF,0.9269521410579346,True
6,0,sequential,41,1512,117,117,117,117,117,SCAN,1.0,True
6,0,sequential,38,1996,164,164,164,164,164,SCAN,1.0,True
6,0,sequential,47,1744,226,392,119,119,119,SSTF,0.9778516057585825,True
6,0,sequential,34,1418,114,388,114,114,114,SCAN,0.955503512880562,True
6,0,sequential,51,2489,230,397,183,230,183,SCAN,0.5265423242467718,False
6,0,sequential,46,2158,272,377,208,208,208,SSTF,0.8883792048929664,True
6,0,sequential,46,2691,135,135,135,135,135,SCAN,1.0,True
6,0,sequential,36,2083,130,389,130,130,130,SCAN,0.955503512880562,True
6,0,sequential,44,2940,224,321,138,224,138,SCAN,0.6210045662100456,False
6,0,sequential,46,3390,330,397,179,179,179,SSTF,0.9778516057585825,True
6,0,sequential,36,2305,152,380,152,152,152,SCAN,0.955503512880562,True
6,1,random,35,2188,365,396,210,210,210,SSTF,0.8640284119736175,True
6,1,random,32,2526,335,392,246,246,246,SSTF,0.8640284119736175,True
6,1,random,43,3046,322,396,269,269,269,SSTF,0.8640284119736175,True
6,1,random,34,2614,195,396,195,195,195,SCAN,0.6,True
6,1,random,37,2554,224,393,230,224,224,SCAN,0.6210045662100456,True
6,1,random,28,1664,377,395,180,180,180,SSTF,0.8883792048929664,True
6,1,random,43,3312,257,397,343,257,257,SCAN,0.5265423242467718,True
6,1,random,31,2025,245,388,245,245,245,SCAN,0.6210045662100456,True
6,1,random,34,2347,238,394,246,238,238,SCAN,0.6210045662100456,True
6,1,random,34,2331,330,395,300,300,300,SSTF,0.8640284119736175,True
6,1,random,45,2707,348,391,344,344,344,SSTF,0.8640284119736175,True
6,1,random,29,1919,255,397,287,255,255,SCAN,0.6210045662100456,True
6,1,random,31,1973,382,393,211,211,211,SSTF,0.8640284119736175,True
6,1,random,35,2630,265,396,327,265,265,SCAN,0.6210045662100456,True
6,1,random,35,2553,213,397,207,213,207,SCAN,0.6210045662100456,False
6,1,random,28,1827,251,395,251,251,251,SCAN,0.6210045662100456,True
6,1,random,40,2636,347,395,243,243,243,SSTF,0.8640284119736175,True
6,1,random,37,2459,334,393,251,251,251,SSTF,0.9778516057585825,True
6,1,random,32,2595,234,385,206,234,206,SCAN,0.6210045662100456,False
6,1,random,34,2039,195,195,195,195,195,SCAN,1.0,True
6,1,random,33,1880,182,182,182,182,182,SCAN,1.0,True
6,1,random,37,2449,319,397,282,282,282,SSTF,0.8640284119736175,True
6,1,random,33,2407,226,389,371,226,226,SCAN,0.6210045662100456,True
6,1,random,30,2388,206,395,385,206,206,SCAN,0.6210045662100456,True
6,1,random,36,2826,357,391,226,226,226,SSTF,0.8640284119736175,True
6,1,random,35,2577,276,396,311,276,276,SCAN,0.5265423242467718,True
6,1,random,33,1880,188,394,188,188,188,SCAN,0.955503512880562,True
6,1,random,37,2410,291,397,287,287,287,SSTF,0.7109826589595376,True
6,1,random,49,3396,230,396,355,230,230,SCAN,0.6210045662100456,True
6,1,random,34,2423,291,389,305,291,291,SCAN,0.6210045662100456,True
6,1,random,39,2573,287,392,287,287,287,SCAN,0.5265423242467718,True
6,1,random,22,1206,397,397,194,194,194,SSTF,0.8640284119736175,True
6,1,random,39,2234,219,396,333,219,219,SCAN,0.6210045662100456,True
6,1,random,28,1439,281,393,273,281,273,SCAN,0.6210045662100456,False
6,1,random,34,2522,354,395,239,239,239,SSTF,0.8640284119736175,True
6,1,random,40,2882,364,396,206,206,206,SSTF,0.8640284119736175,True
6,1,random,32,2171,354,397,352,352,352,SSTF,0.8640284119736175,True
6,1,random,32,2252,234,394,358,234,234,SCAN,0.6210045662100456,True
6,1,random,44,2232,396,396,201,201,201,SSTF,0.8640284119736175,True
6,1,random,36,2242,337,383,335,335,335,SSTF,0.8640284119736175,True
6,1,random,25,2106,279,394,285,279,279,SCAN,0.6210045662100456,True
6,1,random,26,1694,314,397,316,316,314,SSTF,0.9778516057585825,False
6,1,random,40,3320,281,396,306,281,281,SCAN,0.6210045662100456,True
6,1,random,42,2474,326,397,330,330,326,SSTF,0.9778516057585825,False
6,1,random,27,1922,304,394,268,268,268,SSTF,0.8640284119736175,True
6,1,random,28,2403,245,396,356,245,245,SCAN,0.6210045662100456,True
6,1,random,27,2011,233,391,369,233,233,SCAN,0.6210045662100456,True
6,1,random,34,2822,372,395,205,205,205,SSTF,0.8640284119736175,True
6,1,random,36,1860,352,390,346,346,346,SSTF,0.8640284119736175,True
6,1,random,29,1365,316,395,272,272,272,SSTF,0.9778516057585825,True
6,1,random,43,2841,392,397,193,193,193,SSTF,0.8640284119736175,True
6,1,random,32,1988,336,388,336,336,336,SSTF,0.8640284119736175,True
6,1,random,49,3136,303,396,301,301,301,SSTF,0.8640284119736175,True
6,1,random,36,2321,282,397,302,282,282,SCAN,0.5265423242467718,True
6,1,random,33,2210,278,396,314,278,278,SCAN,0.5265423242467718,True
6,1,random,36,2425,269,397,311,269,269,SCAN,0.5265423242467718,True
6,1,random,30,1624,214,384,354,214,214,SCAN,0.6210045662100456,True
6,1,random,44,3265,271,395,265,271,265,SCAN,0.6210045662100456,False
6,1,random,42,2970,296,396,300,300,296,SSTF,0.7109826589595376,False
6,1,random,37,2225,222,396,341,222,222,SCAN,0.6210045662100456,True
6,1,random,35,2564,385,395,192,192,192,SSTF,0.8640284119736175,True
6,1,random,29,1990,199,391,193,199,193,SCAN,0.6210045662100456,False
6,1,random,37,2225,315,391,249,249,249,SSTF,0.9778516057585825,True
6,1,random,35,2341,197,197,197,197,197,SCAN,1.0,True
6,1,random,41,2922,314,380,308,308,308,SSTF,0.8640284119736175,True
6,1,random,24,1484,197,390,327,197,197,SCAN,0.6210045662100456,True
6,1,random,37,2377,229,397,304,229,229,SCAN,0.6210045662100456,True
6,1,random,31,2179,298,393,273,273,273,SSTF,0.8640284119736175,True
6,1,random,32,2255,318,386,310,310,310,SSTF,0.8640284119736175,True
6,1,random,22,1761,278,395,316,278,278,SCAN,0.6210045662100456,True
6,1,random,47,3572,271,395,321,271,271,SCAN,0.5265423242467718,True
6,1,random,35,1984,196,391,178,196,178,SCAN,0.6210045662100456,False
6,1,random,31,2630,228,387,216,228,216,SCAN,0.6210045662100456,False
6,1,random,27,1869,377,395,200,200,200,SSTF,0.8640284119736175,True
6,1,random,36,2172,295,393,280,280,280,SSTF,0.7109826589595376,True
6,1,random,35,2539,214,392,380,214,214,SCAN,0.6210045662100456,True
6,1,random,33,1614,237,392,229,237,229,SCAN,0.6210045662100456,False
6,1,random,36,2190,324,397,272,272,272,SSTF,0.8640284119736175,True
6,1,random,27,1855,334,389,270,270,270,SSTF,0.8640284119736175,True
6,1,random,31,2201,335,392,269,269,269,SSTF,0.8640284119736175,True
6,1,random,51,3091,269,394,313,269,269,SCAN,0.5265423242467718,True
6,1,random,39,2730,252,396,345,252,252,SCAN,0.6210045662100456,True
6,1,random,33,2189,343,395,347,347,343,SSTF,0.8883792048929664,False
6,1,random,43,2804,355,389,347,347,347,SSTF,0.8883792048929664,True
6,1,random,34,1981,180,180,180,180,180,SCAN,1.0,True
6,1,random,39,2475,256,396,334,256,256,SCAN,0.6210045662100456,True
6,1,random,33,1650,285,394,279,285,279,SCAN,0.5265423242467718,False
6,1,random,33,2368,218,392,180,218,180,SCAN,0.6210045662100456,False
6,1,random,33,2107,259,393,318,259,259,SCAN,0.6210045662100456,True
6,1,random,36,2692,263,397,261,263,261,SCAN,0.5265423242467718,False
6,1,random,38,3048,298,394,286,286,286,SSTF,0.7109826589595376,True
6,1,random,32,2524,286,396,286,286,286,SCAN,0.5265423242467718,True
6,1,random,30,1381,247,394,237,247,237,SCAN,0.6210045662100456,False
6,1,random,26,1800,279,397,261,279,261,SCAN,0.6210045662100456,False
6,1,random,36,2804,198,391,198,198,198,SCAN,0.6,True
6,1,random,30,1499,262,395,329,262,262,SCAN,0.5265423242467718,True
6,1,random,48,2330,282,396,313,282,282,SCAN,0.6210045662100456,True
6,1,random,37,2579,327,397,321,321,321,SSTF,0.8640284119736175,True
6,1,random,32,2350,287,394,280,280,280,SSTF,0.7109826589595376,True
6,1,random,27,2306,181,392,181,181,181,SCAN,0.9032258064516129,True
6,2,bursty,56,1771,138,382,138,138,138,SCAN,0.955503512880562,True
6,2,bursty,93,765,131,361,131,131,131,SCAN,0.955503512880562,True
6,2,bursty,32,295,313,350,107,107,107,SSTF,0.9778516057585825,True
6,2,bursty,37,223,37,384,37,37,37,SCAN,0.9941451990632318,True
6,2,bursty,11,70,23,391,23,23,23,SCAN,0.9695431472081218,True
6,2,bursty,52,446,295,370,191,191,191,SSTF,0.8640284119736175,True
6,2,bursty,58,602,152,342,152,152,152,SCAN,0.955503512880562,True
6,2,bursty,79,547,165,345,141,141,141,SSTF,0.6009852216748769,True
6,2,bursty,191,1637,248,362,214,248,214,SCAN,0.6210045662100456,False
6,2,bursty,63,469,105,335,105,105,105,SCAN,0.9941451990632318,True
6,2,bursty,41,358,115,313,115,115,115,SCAN,0.9941451990632318,True
6,2,bursty,58,466,201,397,123,201,123,SCAN,0.955503512880562,False
6,2,bursty,80,724,381,397,220,220,220,SSTF,0.8640284119736175,True
6,2,bursty,124,972,359,396,239,239,239,SSTF,0.9778516057585825,True
6,2,bursty,66,470,217,309,189,217,189,SCAN,0.5265423242467718,False
6,2,bursty,54,303,74,384,74,74,74,SCAN,0.9941451990632318,True
6,2,bursty,205,2046,317,377,245,245,245,SSTF,0.9778516057585825,True
6,2,bursty,101,907,147,363,147,147,147,SCAN,0.955503512880562,True
6,2,bursty,111,963,226,345,226,226,226,SCAN,0.5265423242467718,True
6,2,bursty,33,324,88,88,88,88,88,SCAN,1.0,True
6,2,bursty,110,689,131,131,131,131,131,SCAN,1.0,True
6,2,bursty,61,686,247,324,247,247,247,SCAN,0.5265423242467718,True
6,2,bursty,118,3074,292,316,292,292,292,SCAN,0.5265423242467718,True
6,2,bursty,210,1457,308,397,238,238,238,SSTF,0.9778516057585825,True
6,2,bursty,10,193,151,265,151,151,151,SCAN,0.9695431472081218,True
6,2,bursty,177,1277,315,397,240,240,240,SSTF,0.8640284119736175,True
6,2,bursty,43,419,327,354,223,223,223,SSTF,0.8640284119736175,True
6,2,bursty,225,2012,303,390,294,294,294,SSTF,0.8640284119736175,True
6,2,bursty,51,437,157,356,157,157,157,SCAN,0.955503512880562,True
6,2,bursty,8,142,93,321,93,93,93,SCAN,0.9695431472081218,True
6,2,bursty,103,729,362,386,229,229,229,SSTF,0.8640284119736175,True
6,2,bursty,55,360,44,392,44,44,44,SCAN,0.9941451990632318,True
6,2,bursty,107,1760,139,139,139,139,139,SCAN,1.0,True
6,2,bursty,63,458,331,343,151,151,151,SSTF,0.9778516057585825,True
6,2,bursty,60,530,151,151,151,151,151,SCAN,1.0,True
6,2,bursty,32,194,282,397,32,32,32,SSTF,0.9778516057585825,True
6,2,bursty,91,693,250,397,94,94,94,SSTF,0.8883792048929664,True
6,2,bursty,52,565,318,359,214,214,214,SSTF,0.9778516057585825,True
6,2,bursty,95,672,291,397,263,263,263,SSTF,0.9778516057585825,True
6,2,bursty,119,1037,275,397,169,169,169,SSTF,0.8640284119736175,True
6,2,bursty,53,383,52,384,52,52,52,SCAN,0.9941451990632318,True
6,2,bursty,147,1059,195,397,183,183,183,SSTF,0.6009852216748769,True
6,2,bursty,22,325,291,331,267,267,267,SSTF,0.8640284119736175,True
6,2,bursty,136,3023,161,161,161,161,161,SSTF,0.8883792048929664,True
6,2,bursty,28,330,264,277,204,264,204,SCAN,0.853448275862069,False
6,2,bursty,92,682,245,397,245,245,245,SCAN,0.6210045662100456,True
6,2,bursty,96,800,194,348,164,164,164,SSTF,0.9269521410579346,True
6,2,bursty,94,700,179,179,179,179,179,SCAN,1.0,True
6,2,bursty,42,411,177,177,177,177,177,SCAN,1.0,True
6,2,bursty,56,408,153,397,153,153,153,SCAN,0.6210045662100456,True
6,2,bursty,127,975,201,360,187,187,187,SSTF,0.9269521410579346,True
6,2,bursty,54,449,256,340,158,256,158,SCAN,0.5265423242467718,False
6,2,bursty,83,646,155,155,155,155,155,SCAN,1.0,True
6,2,bursty,52,342,339,378,134,134,134,SSTF,0.9778516057585825,True
6,2,bursty,136,1943,330,396,249,249,249,SSTF,0.8640284119736175,True
6,2,bursty,61,474,144,385,119,119,119,SSTF,0.9269521410579346,True
6,2,bursty,29,232,105,397,72,72,72,SSTF,0.6009852216748769,True
6,2,bursty,90,810,188,397,174,188,174,SCAN,0.5265423242467718,False
6,2,bursty,43,298,86,86,86,86,86,SCAN,1.0,True
6,2,bursty,38,357,267,395,121,121,121,SSTF,0.9269521410579346,True
6,2,bursty,124,1110,314,394,228,228,228,SSTF,0.9778516057585825,True
6,2,bursty,140,2608,302,397,238,238,238,SSTF,0.9778516057585825,True
6,2,bursty,38,251,62,363,62,62,62,SCAN,0.9941451990632318,True
6,2,bursty,66,507,303,383,177,177,177,SSTF,0.9778516057585825,True
6,2,bursty,127,1056,241,376,325,241,241,SCAN,0.6210045662100456,True
6,2,bursty,49,386,123,346,123,123,123,SCAN,0.9941451990632318,True
6,2,bursty,96,635,93,387,93,93,93,SCAN,0.9941451990632318,True
6,2,bursty,102,682,221,397,198,198,198,SSTF,0.9269521410579346,True
6,2,bursty,83,706,304,360,220,220,220,SSTF,0.8640284119736175,True
6,2,bursty,79,645,327,379,210,210,210,SSTF,0.9778516057585825,True
6,2,bursty,19,96,25,25,25,25,25,SCAN,1.0,True
6,2,bursty,72,668,249,267,249,249,249,SCAN,0.5265423242467718,True
6,2,bursty,49,376,265,315,151,265,151,SCAN,0.6210045662100456,False
6,2,bursty,75,610,109,379,109,109,109,SCAN,0.9941451990632318,True
6,2,bursty,31,341,212,336,206,212,206,SCAN,0.5265423242467718,False
6,2,bursty,80,745,173,359,173,173,173,SCAN,0.955503512880562,True
6,2,bursty,61,364,69,375,69,69,69,SCAN,0.9941451990632318,True
6,2,bursty,135,1067,145,397,251,251,145,SSTF,0.6009852216748769,False
6,2,bursty,55,532,178,279,178,178,178,SCAN,0.9941451990632318,True
6,2,bursty,30,239,218,396,77,77,77,SSTF,0.9778516057585825,True
6,2,bursty,27,224,265,377,123,123,123,SSTF,0.9778516057585825,True
6,2,bursty,21,227,129,283,129,129,129,SCAN,0.9941451990632318,True
6,2,bursty,65,525,281,397,185,281,185,SCAN,0.6210045662100456,False
6,2,bursty,181,1294,327,397,210,210,210,SSTF,0.8640284119736175,True
6,2,bursty,74,461,88,357,88,88,88,SCAN,0.9941451990632318,True
6,2,bursty,71,693,366,396,255,255,255,SSTF,0.8883792048929664,True
6,2,bursty,67,381,44,382,44,44,44,SCAN,0.9941451990632318,True
6,2,bursty,268,2061,216,364,216,216,216,SSTF,0.9269521410579346,True
6,2,bursty,56,515,338,349,230,230,230,SSTF,0.8640284119736175,True
6,2,bursty,24,203,56,56,56,56,56,SCAN,1.0,True
6,2,bursty,199,1613,255,376,301,255,255,SCAN,0.5265423242467718,True
6,2,bursty,70,517,342,393,146,146,146,SSTF,0.9778516057585825,True
6,2,bursty,49,383,87,379,87,87,87,SSTF,0.6009852216748769,True
6,2,bursty,92,806,294,393,255,294,255,SCAN,0.6210045662100456,False
6,2,bursty,153,1222,146,390,146,146,146,SCAN,0.955503512880562,True
6,2,bursty,83,650,345,365,209,209,209,SSTF,0.9778516057585825,True
6,3,sequential,22,29,29,375,29,29,29,FCFS,1.0,True
6,3,sequential,21,12,12,391,12,12,12,FCFS,1.0,True
6,3,sequential,23,72,72,332,72,72,72,FCFS,1.0,True
6,3,sequential,21,10,268,397,10,10,10,FCFS,1.0,True
6,3,sequential,16,103,103,299,103,103,103,FCFS,1.0,True
6,3,sequential,17,58,58,344,58,58,58,FCFS,1.0,True
6,3,sequential,17,42,42,361,42,42,42,FCFS,1.0,True
6,3,sequential,26,91,91,314,91,91,91,FCFS,1.0,True
6,3,sequential,29,9,321,397,9,9,9,FCFS,1.0,True
6,3,sequential,23,81,81,324,81,81,81,FCFS,1.0,True
6,3,sequential,20,124,124,279,124,124,124,FCFS,1.0,True
6,3,sequential,28,129,129,276,129,129,129,FCFS,1.0,True
6,3,sequential,20,67,67,337,67,67,67,FCFS,1.0,True
6,3,sequential,20,45,45,358,45,45,45,FCFS,1.0,True
6,3,sequential,24,385,214,217,214,214,214,SSTF,0.7128205128205128,True
6,3,sequential,25,19,12,12,12,12,12,SCAN,1.0,True
6,3,sequential,14,58,54,54,54,54,54,SCAN,1.0,True
6,3,sequential,16,149,145,145,145,145,145,SCAN,1.0,True
6,3,sequential,30,49,41,41,41,41,41,SCAN,1.0,True
6,3,sequential,24,180,173,173,173,173,173,SCAN,1.0,True
6,3,sequential,24,75,69,69,69,69,69,SCAN,1.0,True
6,3,sequential,14,32,29,29,29,29,29,SCAN,1.0,True
6,3,sequential,22,92,87,87,87,87,87,SCAN,1.0,True
6,3,sequential,25,73,67,67,67,67,67,SCAN,1.0,True
6,3,sequential,23,23,23,381,23,23,23,FCFS,1.0,True
6,3,sequential,25,116,109,109,109,109,109,SCAN,1.0,True
6,3,sequential,21,39,33,33,33,33,33,SCAN,1.0,True
6,3,sequential,16,98,94,94,94,94,94,SCAN,1.0,True
6,3,sequential,29,19,12,12,12,12,12,SCAN,1.0,True
6,3,sequential,17,50,46,46,46,46,46,SCAN,1.0,True
6,3,sequential,24,109,102,102,102,102,102,SCAN,1.0,True
6,3,sequential,16,66,66,336,66,66,66,FCFS,1.0,True
6,3,sequential,27,43,36,36,36,36,36,SCAN,1.0,True
6,3,sequential,17,34,29,29,29,29,29,SCAN,1.0,True
6,3,sequential,17,120,120,282,120,120,120,FCFS,1.0,True
6,3,sequential,20,25,20,20,20,20,20,SCAN,1.0,True
6,3,sequential,27,38,30,30,30,30,30,SCAN,1.0,True
6,3,sequential,27,70,63,63,63,63,63,SCAN,1.0,True
6,3,sequential,22,132,132,272,132,132,132,FCFS,1.0,True
6,3,sequential,25,17,11,11,11,11,11,SCAN,1.0,True
6,3,sequential,23,70,70,334,70,70,70,FCFS,1.0,True
6,3,sequential,19,160,160,243,160,160,160,FCFS,1.0,True
6,3,sequential,23,58,58,347,58,58,58,FCFS,1.0,True
6,3,sequential,21,78,78,325,78,78,78,FCFS,1.0,True
6,3,sequential,18,12,12,390,12,12,12,FCFS,1.0,True
6,3,sequential,17,119,119,283,119,119,119,FCFS,1.0,True
6,3,sequential,25,120,120,284,120,120,120,FCFS,1.0,True
6,3,sequential,26,243,358,360,239,239,239,SSTF,0.8640284119736175,True
6,3,sequential,11,165,162,162,162,162,162,SCAN,1.0,True
6,3,sequential,24,137,131,131,131,131,131,SCAN,1.0,True
6,3,sequential,22,39,33,33,33,33,33,SCAN,1.0,True
6,3,sequential,15,17,17,385,17,17,17,FCFS,1.0,True
6,3,sequential,20,34,29,29,29,29,29,SCAN,1.0,True
6,3,sequential,17,17,17,385,17,17,17,FCFS,1.0,True
6,3,sequential,20,137,131,131,131,131,131,SCAN,1.0,True
6,3,sequential,21,116,110,110,110,110,110,SCAN,1.0,True
6,3,sequential,27,144,137,137,137,137,137,SCAN,1.0,True
6,3,sequential,28,75,67,67,67,67,67,SCAN,1.0,True
6,3,sequential,30,27,19,19,19,19,19,SCAN,1.0,True
6,3,sequential,30,78,70,70,70,70,70,SCAN,1.0,True
6,3,sequential,22,124,118,118,118,118,118,SCAN,1.0,True
6,3,sequential,18,13,8,8,8,8,8,SCAN,1.0,True
6,3,sequential,26,45,38,38,38,38,38,SCAN,1.0,True
6,3,sequential,26,10,204,397,10,10,10,FCFS,1.0,True
6,3,sequential,17,99,99,303,99,99,99,FCFS,1.0,True
6,3,sequential,24,62,62,342,62,62,62,FCFS,1.0,True
6,3,sequential,21,26,26,378,26,26,26,FCFS,1.0,True
6,3,sequential,22,49,43,43,43,43,43,SCAN,1.0,True
6,3,sequential,13,60,60,342,60,60,60,FCFS,1.0,True
6,3,sequential,28,31,23,23,23,23,23,SCAN,1.0,True
6,3,sequential,18,115,115,288,115,115,115,FCFS,1.0,True
6,3,sequential,18,73,73,330,73,73,73,FCFS,1.0,True
6,3,sequential,30,128,128,278,128,128,128,FCFS,1.0,True
6,3,sequential,18,102,102,301,102,102,102,FCFS,1.0,True
6,3,sequential,31,26,26,381,26,26,26,FCFS,1.0,True
6,3,sequential,30,27,19,19,19,19,19,SCAN,1.0,True
6,3,sequential,21,12,12,391,12,12,12,FCFS,1.0,True
6,3,sequential,21,123,123,281,123,123,123,FCFS,1.0,True
6,3,sequential,13,118,118,284,118,118,118,FCFS,1.0,True
6,3,sequential,17,166,166,236,166,166,166,FCFS,1.0,True
6,3,sequential,24,18,12,12,12,12,12,SCAN,1.0,True
6,3,sequential,22,194,188,188,188,188,188,SCAN,1.0,True
6,3,sequential,30,187,179,179,179,179,179,SCAN,1.0,True
6,3,sequential,14,25,25,377,25,25,25,FCFS,1.0,True
6,3,sequential,25,66,59,59,59,59,59,SCAN,1.0,True
6,3,sequential,13,81,78,78,78,78,78,SCAN,1.0,True
6,3,sequential,22,24,24,379,24,24,24,FCFS,1.0,True
6,3,sequential,23,60,54,54,54,54,54,SCAN,1.0,True
6,3,sequential,24,52,45,45,45,45,45,SCAN,1.0,True
6,3,sequential,16,30,26,26,26,26,26,SCAN,1.0,True
6,3,sequential,21,36,36,368,36,36,36,FCFS,1.0,True
6,3,sequential,18,124,119,119,119,119,119,SCAN,1.0,True
6,3,sequential,21,121,115,115,115,115,115,SCAN,1.0,True
6,3,sequential,15,76,76,326,76,76,76,FCFS,1.0,True
6,3,sequential,14,48,44,44,44,44,44,SCAN,1.0,True
6,3,sequential,31,40,31,31,31,31,31,SCAN,1.0,True
6,3,sequential,22,49,43,43,43,43,43,SCAN,1.0,True
6,3,sequential,20,98,92,92,92,92,92,SCAN,1.0,True
6,3,sequential,23,67,67,337,67,67,67,FCFS,1.0,True
6,3,sequential,24,81,74,74,74,74,74,SCAN,1.0,True
7,0,sequential,16,14,7,7,7,14,7,FCFS,0.8,False
7,0,sequential,13,111,105,105,105,105,105,SCAN,1.0,True
7,0,sequential,19,34,34,372,34,34,34,FCFS,1.0,True
7,0,sequential,13,38,38,365,38,38,38,FCFS,1.0,True
7,0,sequential,21,75,75,332,75,75,75,FCFS,1.0,True
7,0,sequential,20,46,46,360,46,46,46,FCFS,1.0,True
7,0,sequential,14,24,18,18,18,18,18,SCAN,1.0,True
7,0,sequential,22,63,53,53,53,53,53,SCAN,1.0,True
7,0,sequential,22,14,14,393,14,14,14,FCFS,1.0,True
7,0,sequential,17,17,17,388,17,17,17,FCFS,1.0,True
7,0,sequential,25,49,49,360,49,49,49,FCFS,1.0,True
7,0,sequential,31,44,30,30,30,30,30,SCAN,1.0,True
7,0,sequential,22,53,53,354,53,53,53,FCFS,1.0,True
7,0,sequential,18,50,50,356,50,50,50,FCFS,1.0,True
7,0,sequential,19,42,42,364,42,42,42,FCFS,1.0,True
7,0,sequential,26,155,155,254,155,155,155,FCFS,1.0,True
7,0,sequential,19,148,148,258,148,148,148,FCFS,1.0,True
7,0,sequential,22,175,166,166,166,166,166,SCAN,1.0,True
7,0,sequential,18,188,180,180,180,180,180,SCAN,1.0,True
7,0,sequential,23,175,165,165,165,165,165,SCAN,1.0,True
7,0,sequential,12,96,91,91,91,91,91,SCAN,1.0,True
7,0,sequential,18,33,33,373,33,33,33,FCFS,1.0,True
7,0,sequential,15,79,73,73,73,73,73,SCAN,1.0,True
7,0,sequential,10,38,38,364,38,38,38,FCFS,1.0,True
7,0,sequential,25,151,140,140,140,140,140,SCAN,1.0,True
7,0,sequential,18,125,117,117,117,117,117,SCAN,1.0,True
7,0,sequential,20,19,10,10,10,10,10,SCAN,1.0,True
7,0,sequential,21,123,114,114,114,114,114,SCAN,1.0,True
7,0,sequential,18,85,85,321,85,85,85,FCFS,1.0,True
7,0,sequential,20,90,82,82,82,82,82,SCAN,1.0,True
7,0,sequential,15,72,66,66,66,66,66,SCAN,1.0,True
7,0,sequential,17,19,19,386,19,19,19,FCFS,1.0,True
7,0,sequential,17,49,42,42,42,42,42,SCAN,1.0,True
7,0,sequential,13,74,74,329,74,74,74,FCFS,1.0,True
7,0,sequential,23,47,37,37,37,37,37,SCAN,1.0,True
7,0,sequential,21,117,117,290,117,117,117,FCFS,1.0,True
7,0,sequential,23,41,31,31,31,31,31,SCAN,1.0,True
7,0,sequential,24,127,127,281,127,127,127,FCFS,1.0,True
7,0,sequential,20,15,15,392,15,15,15,FCFS,1.0,True
7,0,sequential,17,122,122,283,122,122,122,FCFS,1.0,True
7,0,sequential,16,304,299,299,299,299,299,SSTF,0.7109826589595376,True
7,0,sequential,18,173,165,165,165,165,165,SCAN,1.0,True
7,0,sequential,17,72,65,65,65,65,65,SCAN,1.0,True
7,0,sequential,15,22,22,383,22,22,22,FCFS,1.0,True
7,0,sequential,21,63,53,53,53,53,53,SCAN,1.0,True
7,0,sequential,23,52,42,42,42,42,42,SCAN,1.0,True
7,0,sequential,11,77,73,73,73,73,73,SCAN,1.0,True
7,0,sequential,19,44,44,362,44,44,44,FCFS,1.0,True
7,0,sequential,15,81,75,75,75,75,75,SCAN,1.0,True
7,0,sequential,22,46,37,37,37,37,37,SCAN,1.0,True
7,0,sequential,17,106,99,99,99,99,99,SCAN,1.0,True
7,0,sequential,16,51,51,354,51,51,51,FCFS,1.0,True
7,0,sequential,18,80,72,72,72,72,72,SCAN,1.0,True
7,0,sequential,26,85,73,73,73,73,73,SCAN,1.0,True
7,0,sequential,21,89,89,319,89,89,89,FCFS,1.0,True
7,0,sequential,17,71,63,63,63,63,63,SCAN,1.0,True
7,0,sequential,22,48,38,38,38,38,38,SCAN,1.0,True
7,0,sequential,28,121,121,290,121,121,121,FCFS,1.0,True
7,0,sequential,11,151,151,252,151,151,151,FCFS,1.0,True
7,0,sequential,20,166,166,241,166,166,166,FCFS,1.0,True
7,0,sequential,13,91,91,312,91,91,91,FCFS,1.0,True
7,0,sequential,18,98,98,307,98,98,98,FCFS,1.0,True
7,0,sequential,14,43,43,361,43,43,43,FCFS,1.0,True
7,0,sequential,11,115,115,288,115,115,115,FCFS,1.0,True
7,0,sequential,18,288,314,315,283,283,283,SSTF,0.8640284119736175,True
7,0,sequential,16,42,35,35,35,35,35,SCAN,1.0,True
7,0,sequential,16,175,168,168,168,168,168,SCAN,1.0,True
7,0,sequential,21,155,146,146,146,146,146,SCAN,1.0,True
7,0,sequential,11,136,131,131,131,131,131,SCAN,1.0,True
7,0,sequential,18,54,46,46,46,46,46,SCAN,1.0,True
7,0,sequential,14,8,8,396,8,8,8,FCFS,1.0,True
7,0,sequential,18,153,145,145,145,145,145,SCAN,1.0,True
7,0,sequential,21,90,81,81,81,81,81,SCAN,1.0,True
7,0,sequential,27,142,130,130,130,130,130,SCAN,1.0,True
7,0,sequential,16,55,55,350,55,55,55,FCFS,1.0,True
7,0,sequential,19,48,48,359,48,48,48,FCFS,1.0,True
7,0,sequential,19,61,61,345,61,61,61,FCFS,1.0,True
7,0,sequential,22,31,31,377,31,31,31,FCFS,1.0,True
7,0,sequential,19,49,49,357,49,49,49,FCFS,1.0,True
7,0,sequential,22,134,134,274,134,134,134,FCFS,1.0,True
7,0,sequential,14,28,22,22,22,22,22,SCAN,1.0,True
7,0,sequential,19,38,38,368,38,38,38,FCFS,1.0,True
7,0,sequential,10,37,37,366,37,37,37,FCFS,1.0,True
7,0,sequential,18,110,110,296,110,110,110,FCFS,1.0,True
7,0,sequential,19,126,126,281,126,126,126,FCFS,1.0,True
7,0,sequential,24,176,176,233,176,176,176,FCFS,1.0,True
7,0,sequential,20,39,39,368,39,39,39,FCFS,1.0,True
7,0,sequential,16,122,122,283,122,122,122,FCFS,1.0,True
7,0,sequential,16,88,81,81,81,81,81,SCAN,1.0,True
7,0,sequential,12,80,75,75,75,75,75,SCAN,1.0,True
7,0,sequential,21,139,130,130,130,130,130,SCAN,1.0,True
7,0,sequential,20,11,11,395,11,11,11,FCFS,1.0,True
7,0,sequential,14,8,72,397,8,8,8,FCFS,1.0,True
7,0,sequential,22,77,67,67,67,67,67,SCAN,1.0,True
7,0,sequential,14,20,20,384,20,20,20,FCFS,1.0,True
7,0,sequential,14,108,102,102,102,102,102,SCAN,1.0,True
7,0,sequential,22,43,33,33,33,33,33,SCAN,1.0,True
7,0,sequential,14,33,33,371,33,33,33,FCFS,1.0,True
7,0,sequential,16,27,20,20,20,20,20,SCAN,1.0,True
7,0,sequential,20,27,19,19,19,19,19,SCAN,1.0,True
7,1,random,52,3270,238,394,337,238,238,SCAN,0.6210045662100456,True
7,1,random,39,3075,320,393,274,274,274,SSTF,0.8640284119736175,True
7,1,random,53,3457,262,397,325,262,262,SCAN,0.6210045662100456,True
7,1,random,38,2720,298,396,302,302,298,SSTF,0.7109826589595376,False
7,1,random,38,2382,234,397,244,234,234,SCAN,0.6210045662100456,True
7,1,random,31,2154,333,394,257,257,257,SSTF,0.9778516057585825,True
7,1,random,44,3053,203,396,388,203,203,SCAN,0.6210045662100456,True
7,1,random,37,2607,366,396,226,226,226,SSTF,0.8640284119736175,True
7,1,random,36,2445,301,388,280,280,280,SSTF,0.8640284119736175,True
7,1,random,32,2589,306,396,276,276,276,SSTF,0.8640284119736175,True
7,1,random,34,2401,353,387,242,242,242,SSTF,0.8640284119736175,True
7,1,random,40,2515,182,182,182,182,182,SCAN,1.0,True
7,1,random,33,2322,189,189,189,189,189,SCAN,1.0,True
7,1,random,34,2583,204,395,198,204,198,SCAN,0.6210045662100456,False
7,1,random,39,2549,369,387,365,365,365,SSTF,0.8640284119736175,True
7,1,random,36,2223,280,397,315,280,280,SCAN,0.5265423242467718,True
7,1,random,44,2923,370,394,225,225,225,SSTF,0.8640284119736175,True
7,1,random,32,2833,386,390,207,207,207,SSTF,0.8640284119736175,True
7,1,random,36,2328,268,389,319,268,268,SCAN,0.6210045662100456,True
7,1,random,41,2499,381,393,201,201,201,SSTF,0.8640284119736175,True
7,1,random,35,2221,326,397,330,330,326,SSTF,0.8640284119736175,False
7,1,random,37,2454,218,396,226,218,218,SCAN,0.6210045662100456,True
7,1,random,37,2485,208,393,342,208,208,SCAN,0.6210045662100456,True
7,1,random,33,2580,381,394,212,212,212,SSTF,0.8640284119736175,True
7,1,random,32,2257,341,397,246,246,246,SSTF,0.8640284119736175,True
7,1,random,40,2805,245,383,213,245,213,SCAN,0.6210045662100456,False
7,1,random,33,2301,313,387,309,309,309,SSTF,0.8640284119736175,True
7,1,random,39,2678,221,395,183,221,183,SCAN,0.6210045662100456,False
7,1,random,34,2266,221,392,199,221,199,SCAN,0.6210045662100456,False
7,1,random,41,2222,312,396,280,280,280,SSTF,0.8640284119736175,True
7,1,random,47,3374,343,396,250,250,250,SSTF,0.8640284119736175,True
7,1,random,43,3087,383,395,197,197,197,SSTF,0.8640284119736175,True
7,1,random,36,2967,346,391,346,346,346,SSTF,0.8640284119736175,True
7,1,random,37,2195,220,387,206,220,206,SCAN,0.6210045662100456,False
7,1,random,50,3415,195,391,195,195,195,SCAN,0.9032258064516129,True
7,1,random,47,2545,318,397,219,219,219,SSTF,0.9778516057585825,True
7,1,random,44,2892,286,388,274,286,274,SCAN,0.5265423242467718,False
7,1,random,40,2645,300,386,298,298,298,SSTF,0.7109826589595376,True
7,1,random,28,2022,389,395,195,195,195,SSTF,0.8640284119736175,True
7,1,random,43,2631,227,395,363,227,227,SCAN,0.6210045662100456,True
7,1,random,33,2288,318,397,267,267,267,SSTF,0.8640284119736175,True
7,1,random,43,2752,340,391,260,260,260,SSTF,0.8883792048929664,True
7,1,random,37,2638,369,391,218,218,218,SSTF,0.8640284119736175,True
7,1,random,42,3058,226,389,218,226,218,SCAN,0.6210045662100456,False
7,1,random,44,3006,320,392,302,302,302,SSTF,0.8640284119736175,True
7,1,random,44,2717,288,392,290,288,288,SCAN,0.5265423242467718,True
7,1,random,36,2501,257,397,263,257,257,SCAN,0.5265423242467718,True
7,1,random,32,1986,263,377,249,263,249,SCAN,0.5265423242467718,False
7,1,random,44,2572,250,396,250,250,250,SCAN,0.5265423242467718,True
7,1,random,33,1957,377,393,198,198,198,SSTF,0.8883792048929664,True
7,1,random,31,2012,192,192,192,192,192,SCAN,1.0,True
7,1,random,52,3059,197,396,213,197,197,SCAN,0.6210045662100456,True
7,1,random,30,1882,352,394,229,229,229,SSTF,0.8640284119736175,True
7,1,random,50,3105,211,395,219,211,211,SCAN,0.6210045662100456,True
7,1,random,48,2355,282,397,312,282,282,SCAN,0.5265423242467718,True
7,1,random,36,2687,363,389,231,231,231,SSTF,0.8640284119736175,True
7,1,random,33,2004,350,392,348,348,348,SSTF,0.8640284119736175,True
7,1,random,40,2945,223,396,368,223,223,SCAN,0.6210045662100456,True
7,1,random,32,1835,175,397,175,175,175,SCAN,0.955503512880562,True
7,1,random,38,2245,295,396,268,268,268,SSTF,0.9778516057585825,True
7,1,random,40,2610,292,385,282,282,282,SSTF,0.9778516057585825,True
7,1,random,44,2934,336,394,334,334,334,SSTF,0.8640284119736175,True
7,1,random,43,3366,374,394,221,221,221,SSTF,0.8640284119736175,True
7,1,random,27,1440,245,394,227,227,227,SSTF,0.7128205128205128,True
7,1,random,29,2177,325,395,261,261,261,SSTF,0.8640284119736175,True
7,1,random,37,2532,189,189,189,189,189,SCAN,1.0,True
7,1,random,32,2497,386,394,207,207,207,SSTF,0.8640284119736175,True
7,1,random,28,1569,190,380,190,190,190,SCAN,0.955503512880562,True
7,1,random,53,3204,383,397,198,198,198,SSTF,0.8640284119736175,True
7,1,random,39,2437,359,397,363,363,359,SSTF,0.8640284119736175,False
7,1,random,35,2676,315,395,335,335,315,SSTF,0.8640284119736175,False
7,1,random,57,4133,208,393,206,208,206,SCAN,0.6210045662100456,False
7,1,random,38,2366,330,385,249,249,249,SSTF,0.8640284119736175,True
7,1,random,38,2716,244,382,234,244,234,SCAN,0.6210045662100456,False
7,1,random,35,2363,255,388,245,255,245,SCAN,0.6210045662100456,False
7,1,random,46,3144,354,396,232,232,232,SSTF,0.8640284119736175,True
7,1,random,34,2223,334,396,308,308,308,SSTF,0.8883792048929664,True
7,1,random,29,1998,348,388,346,346,346,SSTF,0.8640284119736175,True
7,1,random,43,2736,373,394,363,363,363,SSTF,0.8640284119736175,True
7,1,random,48,2592,332,394,213,213,213,SSTF,0.8640284119736175,True
7,1,random,40,2328,214,394,200,214,200,SCAN,0.6210045662100456,False
7,1,random,31,2348,355,394,365,365,355,SSTF,0.8640284119736175,False
7,1,random,48,3339,226,397,324,226,226,SCAN,0.6210045662100456,True
7,1,random,36,2556,204,396,206,204,204,SCAN,0.6210045662100456,True
7,1,random,41,2701,375,392,373,373,373,SSTF,0.8640284119736175,True
7,1,random,29,1916,268,397,258,268,258,SCAN,0.6210045662100456,False
7,1,random,45,2666,310,397,262,262,262,SSTF,0.9778516057585825,True
7,1,random,34,2221,387,397,375,375,375,SSTF,0.8640284119736175,True
7,1,random,49,3435,197,391,197,197,197,SCAN,0.6,True
7,1,random,35,1635,208,385,366,208,208,SCAN,0.6210045662100456,True
7,1,random,35,2204,388,395,197,197,197,SSTF,0.8883792048929664,True
7,1,random,34,2311,227,392,213,227,213,SCAN,0.6210045662100456,False
7,1,random,45,2573,313,397,315,315,313,SSTF,0.8640284119736175,False
7,1,random,42,3164,190,397,190,190,190,SCAN,0.6,True
7,1,random,27,1974,224,396,210,224,210,SCAN,0.6210045662100456,False
7,1,random,45,3525,278,382,278,278,278,SCAN,0.5265423242467718,True
7,1,random,47,3236,301,396,281,281,281,SSTF,0.8640284119736175,True
7,1,random,36,2286,343,394,246,246,246,SSTF,0.8640284119736175,True
7,1,random,33,2126,193,391,193,193,193,SCAN,0.6210045662100456,True
7,1,random,36,2336,357,389,331,331,331,SSTF,0.8640284119736175,True
7,2,bursty,99,1530,176,396,176,176,176,SCAN,0.955503512880562,True
7,2,bursty,26,385,161,161,161,161,161,SCAN,1.0,True
7,2,bursty,54,560,59,397,97,97,59,SSTF,0.6009852216748769,False
7,2,bursty,104,1123,196,397,122,122,122,SSTF,0.9269521410579346,True
7,2,bursty,75,730,117,117,117,117,117,SCAN,1.0,True
7,2,bursty,62,756,325,365,272,272,272,SSTF,0.8640284119736175,True
7,2,bursty,106,1417,258,397,166,166,166,SSTF,0.9269521410579346,True
7,2,bursty,76,1058,232,366,232,232,232,SCAN,0.6210045662100456,True
7,2,bursty,104,1156,292,397,109,109,109,SSTF,0.9778516057585825,True
7,2,bursty,90,1007,179,397,179,179,179,SCAN,0.6210045662100456,True
7,2,bursty,84,1309,168,168,168,168,168,SCAN,1.0,True
7,2,bursty,84,887,123,123,123,123,123,SCAN,1.0,True
7,2,bursty,82,846,180,397,164,164,164,SSTF,0.9269521410579346,True
7,2,bursty,93,967,285,397,133,133,133,SSTF,0.9269521410579346,True
7,2,bursty,101,912,380,395,204,204,204,SSTF,0.8640284119736175,True
7,2,bursty,32,455,164,164,164,164,164,SCAN,1.0,True
7,2,bursty,68,652,91,373,91,91,91,SCAN,0.9941451990632318,True
7,2,bursty,96,1173,192,192,192,192,192,SCAN,1.0,True
7,2,bursty,142,1530,288,397,228,228,228,SSTF,0.9778516057585825,True
7,2,bursty,46,520,161,391,126,126,126,SSTF,0.9269521410579346,True
7,2,bursty,24,250,84,342,84,84,84,SCAN,0.9941451990632318,True
7,2,bursty,42,395,84,371,84,84,84,SSTF,0.6009852216748769,True
7,2,bursty,67,2133,213,343,195,213,195,SCAN,0.5265423242467718,False
7,2,bursty,52,955,329,397,182,182,182,SSTF,0.8640284119736175,True
7,2,bursty,92,1187,213,397,281,213,213,SCAN,0.6210045662100456,True
7,2,bursty,35,462,96,334,96,96,96,SCAN,0.9941451990632318,True
7,2,bursty,205,2070,299,397,298,298,298,SSTF,0.9778516057585825,True
7,2,bursty,65,861,160,377,160,160,160,SCAN,0.955503512880562,True
7,2,bursty,102,1139,336,383,224,224,224,SSTF,0.8883792048929664,True
7,2,bursty,48,705,327,396,199,199,199,SSTF,0.9778516057585825,True
7,2,bursty,74,880,138,338,138,138,138,SCAN,0.9941451990632318,True
7,2,bursty,51,510,122,122,122,122,122,SCAN,1.0,True
7,2,bursty,92,1209,246,364,176,176,176,SSTF,0.9269521410579346,True
7,2,bursty,17,208,84,84,84,84,84,SCAN,1.0,True
7,2,bursty,162,1822,194,194,194,194,194,SCAN,1.0,True
7,2,bursty,40,425,174,174,174,174,174,SCAN,1.0,True
7,2,bursty,125,1420,376,390,221,221,221,SSTF,0.8640284119736175,True
7,2,bursty,200,2554,331,397,238,238,238,SSTF,0.8640284119736175,True
7,2,bursty,64,721,79,369,79,79,79,SCAN,0.9941451990632318,True
7,2,bursty,30,417,113,330,113,113,113,SCAN,0.9941451990632318,True
7,2,bursty,100,1246,191,397,191,191,191,SCAN,0.5265423242467718,True
7,2,bursty,56,682,164,386,162,162,162,SSTF,0.6009852216748769,True
7,2,bursty,110,1404,387,397,173,173,173,SSTF,0.8883792048929664,True
7,2,bursty,99,1302,158,158,158,158,158,SCAN,1.0,True
7,2,bursty,87,951,253,396,139,139,139,SSTF,0.8883792048929664,True
7,2,bursty,120,1800,271,392,283,271,271,SCAN,0.6210045662100456,True
7,2,bursty,57,660,312,397,172,172,172,SSTF,0.8883792048929664,True
7,2,bursty,65,860,135,135,135,135,135,SCAN,1.0,True
7,2,bursty,68,690,95,358,95,95,95,SCAN,0.9941451990632318,True
7,2,bursty,15,100,261,395,39,39,39,SSTF,0.9778516057585825,True
7,2,bursty,88,1056,152,393,152,152,152,SCAN,0.955503512880562,True
7,2,bursty,72,911,151,151,151,151,151,SCAN,1.0,True
7,2,bursty,48,475,110,397,75,75,75,SSTF,0.9269521410579346,True
7,2,bursty,129,1422,322,387,138,138,138,SSTF,0.9778516057585825,True
7,2,bursty,78,879,123,397,123,123,123,SCAN,0.5265423242467718,True
7,2,bursty,189,2659,264,391,303,264,264,SCAN,0.6210045662100456,True
7,2,bursty,52,665,131,397,137,131,131,SCAN,0.6210045662100456,True
7,2,bursty,92,1060,93,372,93,93,93,SCAN,0.9941451990632318,True
7,2,bursty,34,583,383,397,193,193,193,SSTF,0.8640284119736175,True
7,2,bursty,84,1057,182,394,182,182,182,SCAN,0.955503512880562,True
7,2,bursty,69,1325,328,391,169,169,169,SSTF,0.9778516057585825,True
7,2,bursty,33,262,37,37,37,37,37,SCAN,1.0,True
7,2,bursty,159,4270,349,396,248,248,248,SSTF,0.8640284119736175,True
7,2,bursty,28,231,40,397,44,44,40,SSTF,0.6009852216748769,False
7,2,bursty,37,489,174,174,174,174,174,SCAN,1.0,True
7,2,bursty,12,130,44,388,44,44,44,SCAN,0.9695431472081218,True
7,2,bursty,25,400,103,344,103,103,103,SCAN,0.9941451990632318,True
7,2,bursty,32,420,75,362,75,75,75,SCAN,0.9941451990632318,True
7,2,bursty,61,897,340,397,164,164,164,SSTF,0.8883792048929664,True
7,2,bursty,87,916,192,397,76,76,76,SSTF,0.9269521410579346,True
7,2,bursty,53,577,117,396,83,83,83,SSTF,0.9269521410579346,True
7,2,bursty,161,1924,219,394,378,219,219,SCAN,0.6210045662100456,True
7,2,bursty,60,732,88,88,88,88,88,SCAN,1.0,True
7,2,bursty,32,526,155,155,155,155,155,SCAN,1.0,True
7,2,bursty,105,991,228,396,349,228,228,SCAN,0.6210045662100456,True
7,2,bursty,99,889,123,123,123,123,123,SCAN,1.0,True
7,2,bursty,71,1060,244,397,230,244,230,SCAN,0.5265423242467718,False
7,2,bursty,124,1289,172,377,172,172,172,SCAN,0.955503512880562,True
7,2,bursty,34,343,203,386,161,203,161,SCAN,0.5265423242467718,False
7,2,bursty,56,702,74,74,74,74,74,SCAN,1.0,True
7,2,bursty,79,907,219,307,213,219,213,SCAN,0.5265423242467718,False
7,2,bursty,124,1286,317,393,224,224,224,SSTF,0.9778516057585825,True
7,2,bursty,106,2549,121,386,121,121,121,SCAN,0.9941451990632318,True
7,2,bursty,128,1887,184,184,184,184,184,SCAN,1.0,True
7,2,bursty,141,1666,279,397,195,279,195,SCAN,0.6210045662100456,False
7,2,bursty,13,268,150,286,150,150,150,SCAN,0.9695431472081218,True
7,2,bursty,43,662,266,391,138,266,138,SCAN,0.6210045662100456,False
7,2,bursty,50,496,112,389,112,112,112,SCAN,0.8333333333333334,True
7,2,bursty,117,1435,214,397,214,214,214,SCAN,0.6210045662100456,True
7,2,bursty,124,1674,310,370,251,251,251,SSTF,0.8640284119736175,True
7,2,bursty,37,363,108,321,108,108,108,SCAN,0.9941451990632318,True
7,2,bursty,31,362,204,396,64,64,64,SSTF,0.9269521410579346,True
7,2,bursty,16,257,111,329,111,111,111,SCAN,0.9695431472081218,True
7,2,bursty,110,1684,369,396,185,185,185,SSTF,0.8883792048929664,True
7,2,bursty,128,1495,380,397,259,259,259,SSTF,0.8640284119736175,True
7,2,bursty,10,219,145,145,145,145,145,SCAN,0.9629629629629629,True
7,2,bursty,48,643,277,391,181,181,181,SSTF,0.9778516057585825,True
7,3,sequential,44,21,21,395,21,21,21,FCFS,1.0,True
7,3,sequential,42,54,54,360,54,54,54,FCFS,1.0,True
7,3,sequential,43,47,47,368,47,47,47,FCFS,1.0,True
7,3,sequential,33,66,66,345,66,66,66,FCFS,1.0,True
7,3,sequential,45,61,61,355,61,61,61,FCFS,1.0,True
7,3,sequential,47,341,261,273,261,261,261,SCAN,0.853448275862069,True
7,3,sequential,47,164,146,146,146,146,146,SCAN,1.0,True
7,3,sequential,47,61,43,43,43,43,43,SCAN,1.0,True
7,3,sequential,32,52,39,39,39,39,39,SCAN,1.0,True
7,3,sequential,40,149,133,133,133,133,133,SCAN,1.0,True
7,3,sequential,50,91,71,71,71,71,71,SCAN,1.0,True
7,3,sequential,50,74,74,344,74,74,74,FCFS,1.0,True
7,3,sequential,45,107,107,309,107,107,107,FCFS,1.0,True
7,3,sequential,46,79,61,61,61,61,61,SCAN,1.0,True
7,3,sequential,39,90,90,323,90,90,90,FCFS,1.0,True
7,3,sequential,39,47,32,32,32,32,32,SCAN,1.0,True
7,3,sequential,39,195,195,219,195,195,195,FCFS,1.0,True
7,3,sequential,29,211,392,396,205,205,205,SSTF,0.8640284119736175,True
7,3,sequential,34,34,21,21,21,21,21,SCAN,1.0,True
7,3,sequential,33,17,17,394,17,17,17,FCFS,1.0,True
7,3,sequential,44,168,151,151,151,151,151,SCAN,1.0,True
7,3,sequential,42,57,57,357,57,57,57,FCFS,1.0,True
7,3,sequential,41,112,96,96,96,96,96,SCAN,1.0,True
7,3,sequential,41,100,84,84,84,84,84,SCAN,1.0,True
7,3,sequential,56,32,232,397,32,32,32,FCFS,1.0,True
7,3,sequential,42,90,90,324,90,90,90,FCFS,1.0,True
7,3,sequential,41,93,93,321,93,93,93,FCFS,1.0,True
7,3,sequential,43,50,33,33,33,33,33,SCAN,1.0,True
7,3,sequential,42,26,26,388,26,26,26,FCFS,1.0,True
7,3,sequential,43,330,273,282,273,273,273,SCAN,0.5265423242467718,True
7,3,sequential,41,113,97,97,97,97,97,SCAN,1.0,True
7,3,sequential,55,107,85,85,85,85,85,SCAN,1.0,True
7,3,sequential,56,109,87,87,87,87,87,SCAN,1.0,True
7,3,sequential,40,134,119,119,119,119,119,SCAN,1.0,True
7,3,sequential,39,123,107,107,107,107,107,SCAN,1.0,True
7,3,sequential,38,25,223,397,25,25,25,FCFS,1.0,True
7,3,sequential,40,19,247,397,19,19,19,FCFS,1.0,True
7,3,sequential,44,53,53,362,53,53,53,FCFS,1.0,True
7,3,sequential,44,52,35,35,35,35,35,SCAN,1.0,True
7,3,sequential,46,134,134,282,134,134,134,FCFS,1.0,True
7,3,sequential,45,382,216,231,216,216,216,SCAN,0.6210045662100456,True
7,3,sequential,42,41,25,25,25,25,25,SCAN,1.0,True
7,3,sequential,44,86,69,69,69,69,69,SCAN,1.0,True
7,3,sequential,47,95,77,77,77,77,77,SCAN,1.0,True
7,3,sequential,32,149,137,137,137,137,137,SCAN,1.0,True
7,3,sequential,38,73,58,58,58,58,58,SCAN,1.0,True
7,3,sequential,34,75,75,336,75,75,75,FCFS,1.0,True
7,3,sequential,38,91,91,322,91,91,91,FCFS,1.0,True
7,3,sequential,41,67,51,51,51,51,51,SCAN,1.0,True
7,3,sequential,40,57,42,42,42,42,42,SCAN,1.0,True
7,3,sequential,34,63,50,50,50,50,50,SCAN,1.0,True
7,3,sequential,45,123,123,293,123,123,123,FCFS,1.0,True
7,3,sequential,42,164,164,251,164,164,164,FCFS,1.0,True
7,3,sequential,27,301,298,305,299,299,298,SSTF,0.7109826589595376,False
7,3,sequential,48,207,189,189,189,189,189,SCAN,1.0,True
7,3,sequential,40,23,67,397,23,23,23,FCFS,0.8,True
7,3,sequential,39,89,74,74,74,74,74,SCAN,1.0,True
7,3,sequential,50,67,47,47,47,47,47,SCAN,1.0,True
7,3,sequential,42,69,69,346,69,69,69,FCFS,1.0,True
7,3,sequential,51,47,27,27,27,27,27,SCAN,1.0,True
7,3,sequential,45,105,105,311,105,105,105,FCFS,1.0,True
7,3,sequential,43,116,116,299,116,116,116,FCFS,1.0,True
7,3,sequential,46,139,139,276,139,139,139,FCFS,1.0,True
7,3,sequential,46,42,24,24,24,24,24,SCAN,1.0,True
7,3,sequential,54,297,303,320,294,294,294,SSTF,0.8640284119736175,True
7,3,sequential,44,84,67,67,67,67,67,SCAN,1.0,True
7,3,sequential,39,58,42,42,42,42,42,SCAN,1.0,True
7,3,sequential,33,18,92,397,18,18,18,FCFS,1.0,True
7,3,sequential,44,143,126,126,126,126,126,SCAN,1.0,True
7,3,sequential,35,35,22,22,22,22,22,SCAN,1.0,True
7,3,sequential,45,134,117,117,117,117,117,SCAN,1.0,True
7,3,sequential,48,20,20,396,20,20,20,FCFS,1.0,True
7,3,sequential,34,15,253,397,15,15,15,FCFS,1.0,True
7,3,sequential,53,102,102,317,102,102,102,FCFS,1.0,True
7,3,sequential,44,26,26,390,26,26,26,FCFS,1.0,True
7,3,sequential,45,72,72,344,72,72,72,FCFS,1.0,True
7,3,sequential,46,368,236,246,236,236,236,SCAN,0.5265423242467718,True
7,3,sequential,42,131,114,114,114,114,114,SCAN,1.0,True
7,3,sequential,47,164,146,146,146,146,146,SCAN,1.0,True
7,3,sequential,42,89,73,73,73,73,73,SCAN,1.0,True
7,3,sequential,43,144,128,128,128,128,128,SCAN,1.0,True
7,3,sequential,44,70,53,53,53,53,53,SCAN,1.0,True
7,3,sequential,44,51,51,364,51,51,51,FCFS,1.0,True
7,3,sequential,47,61,43,43,43,43,43,SCAN,1.0,True
7,3,sequential,39,41,41,372,41,41,41,FCFS,1.0,True
7,3,sequential,37,39,39,374,39,39,39,FCFS,1.0,True
7,3,sequential,34,117,117,294,117,117,117,FCFS,1.0,True
7,3,sequential,50,45,25,25,25,25,25,SCAN,1.0,True
7,3,sequential,34,316,289,294,289,289,289,SCAN,0.5265423242467718,True
7,3,sequential,42,158,142,142,142,142,142,SCAN,1.0,True
7,3,sequential,46,31,31,385,31,31,31,FCFS,1.0,True
7,3,sequential,41,151,135,135,135,135,135,SCAN,1.0,True
7,3,sequential,42,152,135,135,135,135,135,SCAN,1.0,True
7,3,sequential,49,66,47,47,47,47,47,SCAN,1.0,True
7,3,sequential,49,92,92,325,92,92,92,FCFS,1.0,True
7,3,sequential,41,122,122,292,122,122,122,FCFS,1.0,True
7,3,sequential,39,57,57,356,57,57,57,FCFS,1.0,True
7,3,sequential,47,116,116,301,116,116,116,FCFS,1.0,True
7,3,sequential,47,26,358,397,26,26,26,FCFS,1.0,True
7,3,sequential,53,334,269,283,269,269,269,SCAN,0.853448275862069,True
8,0,sequential,12,340,72,372,72,72,72,SCAN,0.9695431472081218,True
8,0,sequential,12,277,269,382,65,65,65,SSTF,0.9778516057585825,True
8,0,sequential,17,315,259,366,57,57,57,SSTF,0.9778516057585825,True
8,0,sequential,16,369,117,326,117,117,117,SCAN,0.9695431472081218,True
8,0,sequential,21,399,61,383,61,61,61,SCAN,0.9941451990632318,True
8,0,sequential,11,444,154,288,154,154,154,SCAN,0.9695431472081218,True
8,0,sequential,13,382,286,367,54,54,54,SSTF,0.9778516057585825,True
8,0,sequential,15,349,60,60,60,60,60,SCAN,1.0,True
8,0,sequential,17,362,58,58,58,58,58,SCAN,1.0,True
8,0,sequential,12,357,85,350,85,85,85,SCAN,0.9695431472081218,True
8,0,sequential,19,492,168,267,168,168,168,SCAN,0.9695431472081218,True
8,0,sequential,18,280,59,59,59,59,59,SCAN,1.0,True
8,0,sequential,12,316,163,268,163,163,163,SCAN,0.9695431472081218,True
8,0,sequential,13,299,162,268,162,162,162,SCAN,0.9695431472081218,True
8,0,sequential,20,204,353,391,41,41,41,SSTF,0.9778516057585825,True
8,0,sequential,27,386,372,397,38,38,38,SSTF,0.9778516057585825,True
8,0,sequential,19,205,363,385,35,35,35,SSTF,0.9778516057585825,True
8,0,sequential,18,250,100,321,100,100,100,SCAN,0.9695431472081218,True
8,0,sequential,18,143,23,396,23,23,23,SCAN,0.9695431472081218,True
8,0,sequential,14,147,29,387,29,29,29,SCAN,0.9695431472081218,True
8,0,sequential,11,888,270,284,270,270,270,SCAN,0.853448275862069,True
8,0,sequential,22,1434,316,332,268,268,268,SSTF,0.8640284119736175,True
8,0,sequential,13,1540,394,397,199,199,199,SSTF,0.8640284119736175,True
8,0,sequential,14,97,73,73,73,73,73,SCAN,1.0,True
8,0,sequential,13,100,86,86,86,86,86,SCAN,1.0,True
8,0,sequential,30,164,151,151,151,151,151,SCAN,1.0,True
8,0,sequential,13,139,131,131,131,131,131,SCAN,1.0,True
8,0,sequential,12,121,108,108,108,108,108,SCAN,1.0,True
8,0,sequential,13,151,134,134,134,134,134,SCAN,1.0,True
8,0,sequential,20,77,50,50,50,50,50,SCAN,1.0,True
8,0,sequential,22,130,68,68,68,68,68,SCAN,1.0,True
8,0,sequential,13,98,50,50,50,50,50,SCAN,1.0,True
8,0,sequential,18,152,30,30,30,30,30,SCAN,1.0,True
8,0,sequential,21,225,65,65,65,65,65,SCAN,1.0,True
8,0,sequential,21,238,52,366,52,52,52,SCAN,0.9941451990632318,True
8,0,sequential,15,276,127,127,127,127,127,SCAN,1.0,True
8,0,sequential,20,279,60,362,60,60,60,SCAN,0.9695431472081218,True
8,0,sequential,16,232,32,32,32,32,32,SCAN,1.0,True
8,0,sequential,13,191,94,94,94,94,94,SCAN,1.0,True
8,0,sequential,17,189,71,353,71,71,71,SCAN,0.9695431472081218,True
8,0,sequential,21,333,97,97,97,97,97,SCAN,1.0,True
8,0,sequential,14,222,62,62,62,62,62,SCAN,1.0,True
8,0,sequential,15,177,79,347,79,79,79,SCAN,0.9695431472081218,True
8,0,sequential,15,171,40,386,40,40,40,SCAN,0.9695431472081218,True
8,0,sequential,14,309,102,102,102,102,102,SCAN,1.0,True
8,0,sequential,15,208,67,67,67,67,67,SCAN,1.0,True
8,0,sequential,17,364,212,390,50,50,50,SSTF,0.9778516057585825,True
8,0,sequential,11,335,89,89,89,89,89,SCAN,1.0,True
8,0,sequential,18,242,219,379,59,59,59,SSTF,0.8883792048929664,True
8,0,sequential,16,418,116,322,116,116,116,SCAN,0.9695431472081218,True
8,0,sequential,17,417,105,336,105,105,105,SCAN,0.9695431472081218,True
8,0,sequential,23,521,89,357,89,89,89,SCAN,0.9941451990632318,True
8,0,sequential,16,423,269,382,73,73,73,SSTF,0.9778516057585825,True
8,0,sequential,14,285,77,377,77,77,77,SCAN,0.9695431472081218,True
8,0,sequential,15,661,101,101,101,101,101,SCAN,1.0,True
8,0,sequential,16,554,291,372,92,92,92,SSTF,0.9778516057585825,True
8,0,sequential,16,780,280,349,76,76,76,SSTF,0.9778516057585825,True
8,0,sequential,21,553,310,367,102,102,102,SSTF,0.9778516057585825,True
8,0,sequential,13,251,303,351,87,87,87,SSTF,0.9778516057585825,True
8,0,sequential,18,750,125,345,125,125,125,SCAN,0.9695431472081218,True
8,0,sequential,10,404,350,380,92,92,92,SSTF,0.9778516057585825,True
8,0,sequential,13,383,346,370,103,103,103,SSTF,0.9778516057585825,True
8,0,sequential,16,657,93,379,93,93,93,SCAN,0.9695431472081218,True
8,0,sequential,15,624,124,349,124,124,124,SCAN,0.9695431472081218,True
8,0,sequential,15,714,368,371,229,229,229,SSTF,0.8640284119736175,True
8,0,sequential,21,1435,215,358,170,170,170,SSTF,0.7128205128205128,True
8,0,sequential,11,746,141,141,141,141,141,SCAN,1.0,True
8,0,sequential,22,1395,205,335,183,205,183,SCAN,0.6210045662100456,False
8,0,sequential,14,1073,163,286,131,163,131,SCAN,0.6210045662100456,False
8,0,sequential,11,470,272,390,129,129,129,SSTF,0.9778516057585825,True
8,0,sequential,15,786,259,373,146,146,146,SSTF,0.8640284119736175,True
8,0,sequential,16,1171,143,143,143,143,143,SCAN,1.0,True
8,0,sequential,14,826,138,138,138,138,138,SCAN,1.0,True
8,0,sequential,20,1233,199,297,127,127,127,SSTF,0.7128205128205128,True
8,0,sequential,19,1266,288,380,133,133,133,SSTF,0.9778516057585825,True
8,0,sequential,19,760,138,368,138,138,138,SCAN,0.955503512880562,True
8,0,sequential,10,616,116,383,116,116,116,SCAN,0.955503512880562,True
8,0,sequential,18,310,114,385,114,114,114,SCAN,0.955503512880562,True
8,0,sequential,14,1005,122,122,122,122,122,SCAN,1.0,True
8,0,sequential,18,1100,295,360,141,141,141,SSTF,0.9778516057585825,True
8,0,sequential,16,841,103,103,103,103,103,SCAN,1.0,True
8,0,sequential,18,728,100,391,100,100,100,SCAN,0.8333333333333334,True
8,0,sequential,15,593,339,389,99,99,99,SSTF,0.9778516057585825,True
8,0,sequential,17,830,270,397,86,86,86,SSTF,0.9269521410579346,True
8,0,sequential,17,740,338,379,104,104,104,SSTF,0.9778516057585825,True
8,0,sequential,18,572,339,374,107,107,107,SSTF,0.9778516057585825,True
8,0,sequential,13,488,322,352,104,104,104,SSTF,0.9778516057585825,True
8,0,sequential,15,770,343,367,109,109,109,SSTF,0.9778516057585825,True
8,0,sequential,15,487,325,344,91,91,91,SSTF,0.9778516057585825,True
8,0,sequential,18,405,369,382,93,93,93,SSTF,0.9778516057585825,True
8,0,sequential,15,794,166,304,166,166,166,SCAN,0.9695431472081218,True
8,0,sequential,18,531,343,346,83,83,83,SSTF,0.8883792048929664,True
8,0,sequential,20,823,380,381,217,217,217,SSTF,0.8640284119736175,True
8,0,sequential,9,540,250,352,196,196,196,SSTF,0.7109826589595376,True
8,0,sequential,13,893,297,394,157,157,157,SSTF,0.8640284119736175,True
8,0,sequential,6,627,180,180,180,180,180,SCAN,0.9629629629629629,True
8,0,sequential,9,542,226,312,214,214,214,SSTF,0.7128205128205128,True
8,0,sequential,15,1407,190,190,190,190,190,SCAN,1.0,True
8,0,sequential,16,1074,158,158,158,158,158,SCAN,1.0,True
8,0,sequential,15,1125,181,181,181,181,181,SCAN,1.0,True
8,1,random,36,2457,239,392,199,239,199,SCAN,0.6210045662100456,False
8,1,random,34,2269,296,392,301,301,296,SSTF,0.9778516057585825,False
8,1,random,28,2065,336,387,328,328,328,SSTF,0.8640284119736175,True
8,1,random,23,1620,265,388,322,265,265,SCAN,0.6210045662100456,True
8,1,random,23,1256,301,397,208,208,208,SSTF,0.9778516057585825,True
8,1,random,28,1774,203,395,219,203,203,SCAN,0.6210045662100456,True
8,1,random,30,2046,315,389,250,250,250,SSTF,0.9778516057585825,True
8,1,random,27,2182,387,392,204,204,204,SSTF,0.8640284119736175,True
8,1,random,32,2543,362,396,198,198,198,SSTF,0.8640284119736175,True
8,1,random,35,2881,356,397,210,210,210,SSTF,0.8640284119736175,True
8,1,random,43,3192,229,397,364,229,229,SCAN,0.6210045662100456,True
8,1,random,32,2281,248,395,238,248,238,SCAN,0.6210045662100456,False
8,1,random,27,1189,289,394,241,241,241,SSTF,0.9778516057585825,True
8,1,random,27,1801,321,374,321,321,321,SSTF,0.8640284119736175,True
8,1,random,34,2421,222,395,357,222,222,SCAN,0.6210045662100456,True
8,1,random,24,1435,274,384,315,315,274,SSTF,0.7128205128205128,False
8,1,random,31,2140,380,393,210,210,210,SSTF,0.8640284119736175,True
8,1,random,18,1374,280,396,284,284,280,SSTF,0.7128205128205128,False
8,1,random,35,2633,369,389,369,369,369,SSTF,0.8640284119736175,True
8,1,random,27,2225,355,390,353,353,353,SSTF,0.8640284119736175,True
8,1,random,26,2274,325,375,323,323,323,SSTF,0.8640284119736175,True
8,1,random,28,1467,170,170,170,170,170,SCAN,1.0,True
8,1,random,35,2134,264,397,266,264,264,SCAN,0.5265423242467718,True
8,1,random,31,2190,256,379,256,256,256,SCAN,0.6210045662100456,True
8,1,random,30,2229,267,389,241,267,241,SCAN,0.6210045662100456,False
8,1,random,25,1510,342,391,246,246,246,SSTF,0.9778516057585825,True
8,1,random,28,1720,222,394,346,222,222,SCAN,0.6210045662100456,True
8,1,random,17,1115,318,385,298,298,298,SSTF,0.8640284119736175,True
8,1,random,34,1737,254,394,333,254,254,SCAN,0.6210045662100456,True
8,1,random,28,1539,362,388,360,360,360,SSTF,0.8883792048929664,True
8,1,random,33,2152,340,379,340,340,340,SSTF,0.8883792048929664,True
8,1,random,31,1590,351,387,215,215,215,SSTF,0.8883792048929664,True
8,1,random,28,1781,274,381,270,274,270,SCAN,0.6210045662100456,False
8,1,random,29,2290,305,382,301,301,301,SSTF,0.8640284119736175,True
8,1,random,32,2452,347,388,229,229,229,SSTF,0.8640284119736175,True
8,1,random,39,2776,266,382,260,266,260,SCAN,0.5265423242467718,False
8,1,random,37,2297,372,396,374,374,372,SSTF,0.8640284119736175,False
8,1,random,24,1447,206,392,192,206,192,SCAN,0.6210045662100456,False
8,1,random,30,1660,355,397,196,196,196,SSTF,0.8883792048929664,True
8,1,random,36,2996,370,397,205,205,205,SSTF,0.8640284119736175,True
8,1,random,30,2248,383,391,190,190,190,SSTF,0.8640284119736175,True
8,1,random,30,1763,380,396,368,368,368,SSTF,0.8640284119736175,True
8,1,random,28,1237,380,393,202,202,202,SSTF,0.8883792048929664,True
8,1,random,27,1971,209,397,217,209,209,SCAN,0.6210045662100456,True
8,1,random,31,1452,236,377,339,236,236,SCAN,0.6210045662100456,True
8,1,random,21,2093,274,360,262,262,262,SSTF,0.7128205128205128,True
8,1,random,30,1728,210,395,377,210,210,SCAN,0.6210045662100456,True
8,1,random,26,1930,319,397,246,246,246,SSTF,0.8640284119736175,True
8,1,random,24,1775,320,390,229,229,229,SSTF,0.8640284119736175,True
8,1,random,35,2194,326,397,334,334,326,SSTF,0.8883792048929664,False
8,1,random,30,2194,366,397,358,358,358,SSTF,0.8640284119736175,True
8,1,random,27,1376,350,387,312,312,312,SSTF,0.8640284119736175,True
8,1,random,31,2259,211,396,380,211,211,SCAN,0.6210045662100456,True
8,1,random,33,2775,329,397,343,343,329,SSTF,0.8640284119736175,False
8,1,random,37,2647,369,397,215,215,215,SSTF,0.8640284119736175,True
8,1,random,26,1864,337,391,229,229,229,SSTF,0.8640284119736175,True
8,1,random,27,2198,314,388,304,304,304,SSTF,0.8640284119736175,True
8,1,random,25,1589,250,392,324,250,250,SCAN,0.6210045662100456,True
8,1,random,36,1701,305,393,293,293,293,SSTF,0.9778516057585825,True
8,1,random,27,1680,278,396,309,309,278,SSTF,0.7128205128205128,False
8,1,random,35,2170,377,397,371,371,371,SSTF,0.8883792048929664,True
8,1,random,32,2145,282,389,293,282,282,SCAN,0.6210045662100456,True
8,1,random,29,1789,323,397,268,268,268,SSTF,0.8640284119736175,True
8,1,random,37,2617,254,397,248,254,248,SCAN,0.6210045662100456,False
8,1,random,37,2255,329,397,319,319,319,SSTF,0.9778516057585825,True
8,1,random,39,2985,283,390,273,283,273,SCAN,0.5265423242467718,False
8,1,random,34,2199,239,393,374,239,239,SCAN,0.6210045662100456,True
8,1,random,42,3010,264,391,264,264,264,SCAN,0.5265423242467718,True
8,1,random,25,1579,342,382,308,308,308,SSTF,0.8883792048929664,True
8,1,random,33,2073,374,397,219,219,219,SSTF,0.8640284119736175,True
8,1,random,28,1816,265,377,259,265,259,SCAN,0.5265423242467718,False
8,1,random,29,1861,321,397,219,219,219,SSTF,0.9778516057585825,True
8,1,random,39,2223,335,393,327,327,327,SSTF,0.9778516057585825,True
8,1,random,28,2681,388,393,225,225,225,SSTF,0.8640284119736175,True
8,1,random,39,2176,320,391,320,320,320,SSTF,0.9778516057585825,True
8,1,random,31,2174,371,396,201,201,201,SSTF,0.8640284119736175,True
8,1,random,36,2657,318,396,316,316,316,SSTF,0.8640284119736175,True
8,1,random,31,1793,319,394,315,315,315,SSTF,0.9778516057585825,True
8,1,random,29,1819,281,376,279,281,279,SCAN,0.5265423242467718,False
8,1,random,29,1826,348,396,354,354,348,SSTF,0.8640284119736175,False
8,1,random,29,1904,227,394,328,227,227,SCAN,0.6210045662100456,True
8,1,random,35,2418,342,393,250,250,250,SSTF,0.8640284119736175,True
8,1,random,28,2272,339,388,339,339,339,SSTF,0.8640284119736175,True
8,1,random,33,2014,314,396,190,190,190,SSTF,0.8883792048929664,True
8,1,random,30,2487,365,388,365,365,365,SSTF,0.8640284119736175,True
8,1,random,32,1768,244,397,248,244,244,SCAN,0.5265423242467718,True
8,1,random,23,1507,347,391,267,267,267,SSTF,0.8640284119736175,True
8,1,random,24,1436,213,388,207,213,207,SCAN,0.6210045662100456,False
8,1,random,18,1144,219,393,215,219,215,SCAN,0.6210045662100456,False
8,1,random,39,2303,227,397,203,227,203,SCAN,0.6210045662100456,False
8,1,random,25,1644,288,386,284,284,284,SSTF,0.7128205128205128,True
8,1,random,33,1948,239,392,235,239,235,SCAN,0.6210045662100456,False
8,1,random,37,2473,264,394,258,264,258,SCAN,0.6210045662100456,False
8,1,random,33,2222,364,378,356,356,356,SSTF,0.8640284119736175,True
8,1,random,34,2285,346,394,332,332,332,SSTF,0.8640284119736175,True
8,1,random,27,2055,199,394,197,199,197,SCAN,0.9032258064516129,False
8,1,random,34,2360,264,397,260,264,260,SCAN,0.6210045662100456,False
8,1,random,37,3161,343,388,260,260,260,SSTF,0.8640284119736175,True
8,1,random,18,1279,179,397,179,179,179,SCAN,0.9032258064516129,True
8,1,random,21,1399,244,371,202,244,202,SCAN,0.6210045662100456,False
8,2,bursty,118,1008,169,390,169,169,169,SCAN,0.955503512880562,True
8,2,bursty,37,233,26,26,26,26,26,SCAN,1.0,True
8,2,bursty,72,439,110,334,110,110,110,SCAN,0.9941451990632318,True
8,2,bursty,21,180,290,394,95,95,95,SSTF,0.8883792048929664,True
8,2,bursty,36,331,123,123,123,123,123,SCAN,1.0,True
8,2,bursty,45,491,218,358,202,218,202,SCAN,0.6210045662100456,False
8,2,bursty,35,347,152,152,152,152,152,SCAN,1.0,True
8,2,bursty,37,322,115,115,115,115,115,SCAN,1.0,True
8,2,bursty,83,638,252,397,184,252,184,SCAN,0.6210045662100456,False
8,2,bursty,36,313,242,392,117,117,117,SSTF,0.9778516057585825,True
8,2,bursty,25,190,87,87,87,87,87,SCAN,1.0,True
8,2,bursty,43,365,291,366,176,176,176,SSTF,0.9778516057585825,True
8,2,bursty,29,199,46,46,46,46,46,SCAN,1.0,True
8,2,bursty,25,208,57,361,57,57,57,SCAN,0.9941451990632318,True
8,2,bursty,27,203,106,309,106,106,106,SCAN,0.9941451990632318,True
8,2,bursty,71,545,188,188,188,188,188,SCAN,1.0,True
8,2,bursty,52,473,233,397,145,145,145,SSTF,0.9269521410579346,True
8,2,bursty,80,685,297,315,297,297,297,SSTF,0.7109826589595376,True
8,2,bursty,74,715,250,277,232,250,232,SCAN,0.5265423242467718,False
8,2,bursty,40,223,23,395,23,23,23,SCAN,0.9941451990632318,True
8,2,bursty,14,190,116,116,116,116,116,SCAN,1.0,True
8,2,bursty,48,409,162,162,162,162,162,SCAN,1.0,True
8,2,bursty,12,147,76,341,76,76,76,SCAN,0.9695431472081218,True
8,2,bursty,61,393,135,305,135,135,135,SCAN,0.9941451990632318,True
8,2,bursty,34,203,72,350,72,72,72,SCAN,0.9941451990632318,True
8,2,bursty,11,51,253,397,13,13,13,SSTF,0.8883792048929664,True
8,2,bursty,17,86,18,397,18,18,18,SCAN,0.9695431472081218,True
8,2,bursty,48,330,78,78,78,78,78,SCAN,1.0,True
8,2,bursty,20,189,94,321,94,94,94,SCAN,0.9695431472081218,True
8,2,bursty,32,309,129,129,129,129,129,SCAN,1.0,True
8,2,bursty,56,437,149,322,149,149,149,SCAN,0.9941451990632318,True
8,2,bursty,45,2663,274,290,274,274,274,SCAN,0.853448275862069,True
8,2,bursty,15,212,143,143,143,143,143,SCAN,1.0,True
8,2,bursty,55,623,346,368,248,248,248,SSTF,0.8640284119736175,True
8,2,bursty,72,804,256,315,202,256,202,SCAN,0.5265423242467718,False
8,2,bursty,39,309,201,378,150,201,150,SCAN,0.5265423242467718,False
8,2,bursty,68,404,367,397,41,41,41,SSTF,0.9778516057585825,True
8,2,bursty,31,205,54,54,54,54,54,SCAN,1.0,True
8,2,bursty,48,388,172,172,172,172,172,SCAN,1.0,True
8,2,bursty,34,305,104,104,104,104,104,SCAN,1.0,True
8,2,bursty,33,313,86,86,86,86,86,SCAN,1.0,True
8,2,bursty,38,277,125,397,40,40,40,SSTF,0.9269521410579346,True
8,2,bursty,46,306,76,76,76,76,76,SCAN,1.0,True
8,2,bursty,31,225,39,39,39,39,39,SCAN,1.0,True
8,2,bursty,36,378,263,370,181,181,181,SSTF,0.9778516057585825,True
8,2,bursty,92,916,387,397,210,210,210,SSTF,0.8640284119736175,True
8,2,bursty,31,204,125,397,37,37,37,SSTF,0.9269521410579346,True
8,2,bursty,103,810,256,388,179,179,179,SSTF,0.8883792048929664,True
8,2,bursty,56,419,181,396,81,81,81,SSTF,0.9269521410579346,True
8,2,bursty,48,384,150,397,90,90,90,SSTF,0.9269521410579346,True
8,2,bursty,20,246,144,144,144,144,144,SCAN,1.0,True
8,2,bursty,13,141,63,63,63,63,63,SCAN,1.0,True
8,2,bursty,48,475,163,376,149,149,149,SSTF,0.9269521410579346,True
8,2,bursty,15,141,100,100,100,100,100,SCAN,1.0,True
8,2,bursty,30,224,37,379,37,37,37,SCAN,0.9941451990632318,True
8,2,bursty,21,162,21,21,21,21,21,SSTF,0.8883792048929664,True
8,2,bursty,31,222,76,343,76,76,76,SCAN,0.9941451990632318,True
8,2,bursty,64,494,313,397,99,99,99,SSTF,0.9778516057585825,True
8,2,bursty,31,263,97,97,97,97,97,SCAN,1.0,True
8,2,bursty,19,163,65,65,65,65,65,SCAN,1.0,True
8,2,bursty,32,262,122,294,122,122,122,SCAN,0.9941451990632318,True
8,2,bursty,70,479,319,397,87,87,87,SSTF,0.9778516057585825,True
8,3,sequential,59,1178,63,63,63,63,63,SCAN,1.0,True
8,3,sequential,65,804,76,364,76,76,76,SCAN,0.9941451990632318,True
8,3,sequential,53,353,45,380,45,45,45,SCAN,0.9941451990632318,True
8,3,sequential,46,156,25,25,25,25,25,SCAN,1.0,True
8,3,sequential,48,541,291,397,49,49,49,SSTF,0.9778516057585825,True
8,3,sequential,55,584,140,296,140,140,140,SCAN,0.9941451990632318,True
8,3,sequential,64,1198,379,397,240,240,240,SSTF,0.9778516057585825,True
8,3,sequential,63,4660,262,341,229,229,229,SSTF,0.7109826589595376,True
8,3,sequential,65,2916,304,362,189,189,189,SSTF,0.8640284119736175,True
8,3,sequential,47,2957,145,375,145,145,145,SCAN,0.955503512880562,True
8,3,sequential,48,2887,339,358,160,160,160,SSTF,0.9778516057585825,True
8,3,sequential,50,2756,211,308,211,211,211,SCAN,0.6210045662100456,True
8,3,sequential,59,3814,181,303,175,181,175,SCAN,0.5265423242467718,False
8,3,sequential,69,3677,255,322,227,255,227,SCAN,0.5265423242467718,False
8,3,sequential,45,2738,283,306,229,283,229,SCAN,0.5265423242467718,False
8,3,sequential,71,2159,221,397,221,221,221,SCAN,0.6210045662100456,True
8,3,sequential,61,633,75,75,75,75,75,SCAN,1.0,True
8,3,sequential,48,139,30,30,30,30,30,SCAN,1.0,True
8,3,sequential,66,429,116,116,116,116,116,SCAN,1.0,True
8,3,sequential,56,1046,224,387,60,60,60,SSTF,0.9269521410579346,True
8,3,sequential,51,1155,77,385,77,77,77,SCAN,0.9941451990632318,True
8,3,sequential,61,1772,119,358,119,119,119,SCAN,0.9941451990632318,True
8,3,sequential,50,1625,300,386,297,297,297,SSTF,0.7109826589595376,True
8,3,sequential,63,4028,171,318,161,171,161,SCAN,0.5265423242467718,False
8,3,sequential,62,3306,260,383,136,136,136,SSTF,0.9778516057585825,True
8,3,sequential,55,2045,134,359,134,134,134,SCAN,0.955503512880562,True
8,3,sequential,65,2114,122,357,122,122,122,SCAN,0.9941451990632318,True
8,3,sequential,67,1366,327,384,99,99,99,SSTF,0.9778516057585825,True
8,3,sequential,53,584,350,397,60,60,60,SSTF,0.9778516057585825,True
8,3,sequential,51,209,371,397,33,33,33,SSTF,0.9778516057585825,True
8,3,sequential,47,1569,237,242,237,237,237,SCAN,0.5265423242467718,True
8,3,sequential,56,505,190,190,190,190,190,SCAN,1.0,True
8,3,sequential,52,637,172,172,172,172,172,SCAN,1.0,True
8,3,sequential,65,1329,126,126,126,126,126,SCAN,1.0,True
8,3,sequential,51,1198,156,368,82,82,82,SSTF,0.9269521410579346,True
8,3,sequential,47,1239,247,397,118,118,118,SSTF,0.8883792048929664,True
8,3,sequential,68,2706,118,118,118,118,118,SCAN,1.0,True
8,3,sequential,65,3029,367,397,174,174,174,SSTF,0.8883792048929664,True
8,3,sequential,70,2937,199,199,199,199,199,SSTF,0.8640284119736175,True
8,3,sequential,68,2133,121,121,121,121,121,SCAN,1.0,True
8,3,sequential,59,1561,101,101,101,101,101,SCAN,1.0,True
8,3,sequential,47,961,80,80,80,80,80,SCAN,1.0,True
8,3,sequential,44,699,66,66,66,66,66,SCAN,1.0,True
8,3,sequential,78,1006,94,347,94,94,94,SCAN,0.9941451990632318,True
8,3,sequential,52,218,30,30,30,30,30,SCAN,1.0,True
8,3,sequential,67,654,132,300,132,132,132,SCAN,0.9941451990632318,True
8,3,sequential,61,4161,327,355,270,270,270,SSTF,0.8640284119736175,True
8,3,sequential,57,5157,291,315,251,251,251,SSTF,0.7109826589595376,True
8,3,sequential,57,2584,303,311,303,303,303,SSTF,0.8640284119736175,True
8,3,sequential,53,1897,99,99,99,99,99,SCAN,1.0,True
8,3,sequential,57,2333,140,397,116,140,116,SCAN,0.5265423242467718,False
8,3,sequential,69,3668,208,339,160,208,160,SCAN,0.5265423242467718,False
8,3,sequential,52,3865,266,343,194,266,194,SCAN,0.5265423242467718,False
8,3,sequential,69,4620,321,348,276,276,276,SSTF,0.8640284119736175,True
8,3,sequential,54,1356,127,127,127,127,127,SCAN,1.0,True
8,3,sequential,54,814,66,385,66,66,66,SCAN,0.9941451990632318,True
8,3,sequential,60,730,143,143,143,143,143,SCAN,1.0,True
8,3,sequential,59,470,90,337,90,90,90,SCAN,0.9941451990632318,True
8,3,sequential,64,117,223,397,29,29,29,SSTF,0.9778516057585825,True
8,3,sequential,62,462,72,72,72,72,72,SCAN,1.0,True
8,3,sequential,69,1166,78,370,78,78,78,SCAN,0.9941451990632318,True
8,3,sequential,71,3357,236,294,236,236,236,SCAN,0.6210045662100456,True
8,3,sequential,56,4066,319,397,166,166,166,SSTF,0.8640284119736175,True
8,3,sequential,58,3783,225,397,161,225,161,SCAN,0.6210045662100456,False
8,3,sequential,65,4209,333,370,167,167,167,SSTF,0.9778516057585825,True
8,3,sequential,77,3773,263,373,334,263,263,SCAN,0.6210045662100456,True
8,3,sequential,62,4407,225,351,227,225,225,SCAN,0.5265423242467718,True
8,3,sequential,61,4116,196,397,174,196,174,SCAN,0.5265423242467718,False
8,3,sequential,59,4482,360,383,214,214,214,SSTF,0.8640284119736175,True
8,3,sequential,74,1209,83,83,83,83,83,SCAN,1.0,True
8,3,sequential,52,326,51,51,51,51,51,SCAN,1.0,True
8,3,sequential,64,183,143,397,33,33,33,SSTF,0.9269521410579346,True
8,3,sequential,74,713,65,370,65,65,65,SCAN,0.9941451990632318,True
8,3,sequential,62,856,236,392,62,62,62,SSTF,0.9778516057585825,True
8,3,sequential,56,1099,313,397,106,106,106,SSTF,0.8883792048929664,True
8,3,sequential,57,1670,147,327,147,147,147,SCAN,0.9941451990632318,True
8,3,sequential,59,2510,241,321,241,241,241,SCAN,0.853448275862069,True
8,3,sequential,71,3985,147,147,147,147,147,SCAN,1.0,True
8,3,sequential,57,2456,150,368,150,150,150,SCAN,0.955503512880562,True
8,3,sequential,59,2700,159,339,159,159,159,SCAN,0.955503512880562,True
8,3,sequential,63,2210,160,323,160,160,160,SCAN,0.9941451990632318,True
8,3,sequential,66,1675,92,374,92,92,92,SCAN,0.9941451990632318,True
8,3,sequential,59,898,128,315,128,128,128,SCAN,0.9941451990632318,True
8,3,sequential,59,3805,329,346,268,268,268,SSTF,0.8640284119736175,True
8,3,sequential,74,208,55,55,55,55,55,SCAN,1.0,True
8,3,sequential,57,340,36,36,36,36,36,SCAN,1.0,True
8,3,sequential,52,772,131,131,131,131,131,SCAN,1.0,True
8,3,sequential,53,1258,88,368,88,88,88,SCAN,0.9941451990632318,True
8,3,sequential,56,1789,77,77,77,77,77,SCAN,1.0,True
8,3,sequential,57,2219,223,397,93,93,93,SSTF,0.9269521410579346,True
8,3,sequential,56,1994,314,372,167,167,167,SSTF,0.9778516057585825,True
8,3,sequential,64,2988,199,397,199,199,199,SCAN,0.955503512880562,True
8,3,sequential,67,2307,116,116,116,116,116,SCAN,1.0,True
8,3,sequential,60,1397,111,357,111,111,111,SCAN,0.9941451990632318,True
8,3,sequential,60,774,65,65,65,65,65,SCAN,1.0,True
8,3,sequential,77,280,136,294,136,136,136,SCAN,0.9941451990632318,True
8,3,sequential,69,559,120,313,120,120,120,SCAN,0.9941451990632318,True
8,3,sequential,49,912,102,341,102,102,102,SCAN,0.9941451990632318,True
8,3,sequential,51,2936,206,397,206,206,206,SCAN,0.853448275862069,True
8,3,sequential,63,4936,181,388,181,181,181,SCAN,0.6,True
9,0,sequential,40,620,313,397,65,65,65,SSTF,0.8883792048929664,True
9,0,sequential,33,440,66,66,66,66,66,SCAN,1.0,True
9,0,sequential,42,840,182,261,182,182,182,SCAN,0.9941451990632318,True
9,0,sequential,49,1365,199,397,199,199,199,SCAN,0.955503512880562,True
9,0,sequential,43,3834,289,327,264,264,264,SSTF,0.8640284119736175,True
9,0,sequential,35,2996,225,397,179,225,179,SCAN,0.853448275862069,False
9,0,sequential,33,825,254,254,254,254,254,SCAN,0.5265423242467718,True
9,0,sequential,43,964,77,77,77,77,77,SCAN,1.0,True
9,0,sequential,38,987,124,124,124,124,124,SCAN,1.0,True
9,0,sequential,31,834,182,397,79,79,79,SSTF,0.9269521410579346,True
9,0,sequential,40,1152,109,109,109,109,109,SCAN,1.0,True
9,0,sequential,35,1266,230,374,123,123,123,SSTF,0.9269521410579346,True
9,0,sequential,40,1088,222,337,104,104,104,SSTF,0.9269521410579346,True
9,0,sequential,38,1367,315,391,129,129,129,SSTF,0.9778516057585825,True
9,0,sequential,43,1883,121,383,121,121,121,SCAN,0.955503512880562,True
9,0,sequential,41,1781,281,385,316,281,281,SCAN,0.6210045662100456,True
9,0,sequential,28,1611,167,167,167,167,167,SCAN,1.0,True
9,0,sequential,49,2674,111,111,111,111,111,SCAN,1.0,True
9,0,sequential,40,1531,123,370,123,123,123,SCAN,0.955503512880562,True
9,0,sequential,38,1208,95,95,95,95,95,SCAN,1.0,True
9,0,sequential,48,2077,131,350,131,131,131,SCAN,0.9941451990632318,True
9,0,sequential,39,1189,113,359,113,113,113,SCAN,0.9941451990632318,True
9,0,sequential,36,966,334,378,93,93,93,SSTF,0.9778516057585825,True
9,0,sequential,28,567,330,397,64,64,64,SSTF,0.9778516057585825,True
9,0,sequential,27,690,95,357,95,95,95,SCAN,0.9941451990632318,True
9,0,sequential,27,1951,396,396,201,201,201,SSTF,0.8640284119736175,True
9,0,sequential,40,2572,294,339,252,252,252,SSTF,0.8640284119736175,True
9,0,sequential,32,3185,389,397,198,198,198,SSTF,0.8640284119736175,True
9,0,sequential,26,602,271,272,271,271,271,SSTF,0.7128205128205128,True
9,0,sequential,24,327,85,397,47,47,47,SSTF,0.6009852216748769,True
9,0,sequential,36,588,84,397,50,50,50,SSTF,0.6009852216748769,True
9,0,sequential,38,541,133,133,133,133,133,SCAN,1.0,True
9,0,sequential,31,253,118,118,118,118,118,SCAN,1.0,True
9,0,sequential,37,91,41,41,41,41,41,SCAN,1.0,True
9,0,sequential,36,76,186,397,24,76,24,FCFS,0.8,False
9,0,sequential,30,142,93,318,93,93,93,SCAN,0.9941451990632318,True
9,0,sequential,25,166,65,65,65,65,65,SCAN,1.0,True
9,0,sequential,36,319,34,34,34,34,34,SCAN,1.0,True
9,0,sequential,33,365,118,307,118,118,118,SCAN,0.9941451990632318,True
9,0,sequential,28,218,37,388,37,37,37,SCAN,0.9941451990632318,True
9,0,sequential,37,645,148,282,148,148,148,SCAN,0.9941451990632318,True
9,0,sequential,36,600,176,257,176,176,176,SCAN,0.9941451990632318,True
9,0,sequential,40,1355,312,347,285,285,285,SSTF,0.8640284119736175,True
9,0,sequential,36,3251,358,394,195,195,195,SSTF,0.8640284119736175,True
9,0,sequential,27,2008,332,351,227,227,227,SSTF,0.8640284119736175,True
9,0,sequential,33,2627,313,319,313,313,313,SSTF,0.8640284119736175,True
9,0,sequential,27,577,105,105,105,105,105,SCAN,1.0,True
9,0,sequential,46,1248,144,397,97,97,97,SSTF,0.9269521410579346,True
9,0,sequential,41,1398,142,142,142,142,142,SCAN,1.0,True
9,0,sequential,44,1957,151,151,151,151,151,SCAN,1.0,True
9,0,sequential,31,1378,248,391,103,103,103,SSTF,0.9778516057585825,True
9,0,sequential,33,1488,118,368,118,118,118,SCAN,0.955503512880562,True
9,0,sequential,26,976,134,350,134,134,134,SCAN,0.955503512880562,True
9,0,sequential,33,1489,104,387,104,104,104,SCAN,0.955503512880562,True
9,0,sequential,35,1495,149,346,149,149,149,SCAN,0.955503512880562,True
9,0,sequential,41,2295,353,369,244,244,244,SSTF,0.8640284119736175,True
9,0,sequential,33,1260,142,325,130,142,130,SCAN,0.5265423242467718,False
9,0,sequential,29,1205,193,358,147,147,147,SSTF,0.9269521410579346,True
9,0,sequential,34,1181,109,384,109,109,109,SCAN,0.955503512880562,True
9,0,sequential,33,1126,127,358,127,127,127,SCAN,0.955503512880562,True
9,0,sequential,38,1629,247,355,117,117,117,SSTF,0.9778516057585825,True
9,0,sequential,40,1699,297,384,104,104,104,SSTF,0.9778516057585825,True
9,0,sequential,47,1736,84,84,84,84,84,SCAN,1.0,True
9,0,sequential,41,1181,76,76,76,76,76,SCAN,1.0,True
9,0,sequential,35,1341,218,284,218,218,218,SCAN,0.6210045662100456,True
9,0,sequential,43,3217,179,265,173,179,173,SCAN,0.5265423242467718,False
9,0,sequential,37,3506,268,318,242,268,242,SCAN,0.5265423242467718,False
9,0,sequential,38,2552,385,397,220,220,220,SSTF,0.8640284119736175,True
9,0,sequential,39,628,141,141,141,141,141,SCAN,1.0,True
9,0,sequential,29,386,32,396,32,32,32,SCAN,0.9941451990632318,True
9,0,sequential,39,365,79,79,79,79,79,SCAN,1.0,True
9,0,sequential,49,170,52,52,52,52,52,SCAN,1.0,True
9,0,sequential,34,113,52,52,52,52,52,SCAN,1.0,True
9,0,sequential,31,137,93,93,93,93,93,SCAN,1.0,True
9,0,sequential,38,138,97,315,97,97,97,SCAN,0.9941451990632318,True
9,0,sequential,34,146,50,50,50,50,50,SCAN,1.0,True
9,0,sequential,30,202,57,363,57,57,57,SCAN,0.9941451990632318,True
9,0,sequential,35,279,54,370,54,54,54,SCAN,0.9941451990632318,True
9,0,sequential,29,323,149,279,149,149,149,SCAN,0.9941451990632318,True
9,0,sequential,37,526,62,377,62,62,62,SCAN,0.9941451990632318,True
9,0,sequential,37,1989,228,272,228,228,228,SCAN,0.853448275862069,True
9,0,sequential,50,4058,282,334,257,257,257,SSTF,0.7109826589595376,True
9,0,sequential,32,2768,321,345,232,232,232,SSTF,0.8640284119736175,True
9,0,sequential,41,2355,338,344,259,259,259,SSTF,0.8640284119736175,True
9,0,sequential,42,1082,192,192,192,192,192,SCAN,1.0,True
9,0,sequential,41,1084,123,123,123,123,123,SCAN,1.0,True
9,0,sequential,39,1400,185,397,84,84,84,SSTF,0.9269521410579346,True
9,0,sequential,35,967,79,391,79,79,79,SCAN,0.9941451990632318,True
9,0,sequential,43,1577,120,120,120,120,120,SCAN,1.0,True
9,0,sequential,42,1685,115,115,115,115,115,SCAN,1.0,True
9,0,sequential,44,1461,164,333,164,164,164,SCAN,0.955503512880562,True
9,0,sequential,53,2010,117,382,117,117,117,SCAN,0.8333333333333334,True
9,0,sequential,47,2145,386,393,211,211,211,SSTF,0.8883792048929664,True
9,0,sequential,33,1536,174,174,174,174,174,SCAN,1.0,True
9,0,sequential,42,3235,249,361,177,177,177,SSTF,0.7109826589595376,True
9,0,sequential,35,2299,142,142,142,142,142,SCAN,1.0,True
9,0,sequential,44,2097,337,397,141,141,141,SSTF,0.9778516057585825,True
9,0,sequential,36,2217,127,388,127,127,127,SCAN,0.955503512880562,True
9,0,sequential,34,1846,343,362,153,153,153,SSTF,0.9778516057585825,True
9,0,sequential,44,1990,361,367,236,236,236,SSTF,0.8640284119736175,True
9,1,random,14,1111,241,378,350,241,241,SCAN,0.6210045662100456,True
9,1,random,17,883,299,367,297,297,297,SSTF,0.7109826589595376,True
9,1,random,11,628,206,338,190,206,190,SCAN,0.6210045662100456,False
9,1,random,13,807,245,351,221,221,221,SSTF,0.7128205128205128,True
9,1,random,16,1289,243,395,328,243,243,SCAN,0.6210045662100456,True
9,1,random,15,1088,255,379,231,231,231,SSTF,0.7128205128205128,True
9,1,random,18,1272,256,387,289,256,256,SCAN,0.6210045662100456,True
9,1,random,10,385,283,392,167,167,167,SSTF,0.9778516057585825,True
9,1,random,10,854,261,352,209,209,209,SSTF,0.7128205128205128,True
9,1,random,13,746,333,391,176,176,176,SSTF,0.8640284119736175,True
9,1,random,16,1070,288,379,280,280,280,SSTF,0.8640284119736175,True
9,1,random,16,1315,330,388,251,251,251,SSTF,0.8640284119736175,True
9,1,random,19,1059,242,388,344,242,242,SCAN,0.6210045662100456,True
9,1,random,14,1175,178,178,178,178,178,SCAN,1.0,True
9,1,random,17,689,278,391,313,313,278,SSTF,0.9269521410579346,False
9,1,random,12,886,166,397,166,166,166,SCAN,0.955503512880562,True
9,1,random,10,797,234,391,216,216,216,SSTF,0.7128205128205128,True
9,1,random,20,1543,187,391,187,187,187,SCAN,0.9032258064516129,True
9,1,random,22,1704,332,391,261,261,261,SSTF,0.8640284119736175,True
9,1,random,15,526,216,395,194,194,194,SSTF,0.9269521410579346,True
9,1,random,15,816,314,396,208,208,208,SSTF,0.8640284119736175,True
9,1,random,16,1345,205,393,179,205,179,SCAN,0.6210045662100456,False
9,1,random,23,1464,278,389,300,300,278,SSTF,0.7128205128205128,False
9,1,random,16,994,171,393,171,171,171,SCAN,0.955503512880562,True
9,1,random,16,1242,324,392,230,230,230,SSTF,0.8640284119736175,True
9,1,random,16,1057,325,386,255,255,255,SSTF,0.8640284119736175,True
9,1,random,15,1063,190,397,192,190,190,SCAN,0.6210045662100456,True
9,1,random,6,388,141,387,141,141,141,SCAN,0.9032258064516129,True
9,1,random,13,1197,289,384,289,289,289,SSTF,0.7128205128205128,True
9,1,random,20,1298,366,396,200,200,200,SSTF,0.8640284119736175,True
9,1,random,24,1914,221,382,201,221,201,SCAN,0.6210045662100456,False
9,1,random,12,878,174,381,174,174,174,SCAN,0.9032258064516129,True
9,1,random,16,1352,357,390,213,213,213,SSTF,0.8640284119736175,True
9,1,random,14,849,233,396,181,233,181,SCAN,0.6210045662100456,False
9,1,random,13,1059,230,394,332,230,230,SCAN,0.6210045662100456,True
9,1,random,16,735,323,392,240,240,240,SSTF,0.8883792048929664,True
9,1,random,17,1276,355,358,331,331,331,SSTF,0.8640284119736175,True
9,1,random,16,876,138,378,138,138,138,SCAN,0.9695431472081218,True
9,1,random,13,1114,346,397,348,348,346,SSTF,0.8640284119736175,False
9,1,random,14,1129,218,393,186,218,186,SCAN,0.6210045662100456,False
9,1,random,14,523,306,396,248,248,248,SSTF,0.9778516057585825,True
9,1,random,14,547,165,165,165,165,165,SCAN,1.0,True
9,1,random,21,1717,265,389,304,304,265,SSTF,0.7128205128205128,False
9,1,random,14,859,189,189,189,189,189,SSTF,0.8883792048929664,True
9,1,random,10,531,156,156,156,156,156,SCAN,0.9629629629629629,True
9,1,random,18,1405,349,393,357,357,349,SSTF,0.8640284119736175,False
9,1,random,15,1329,324,373,251,251,251,SSTF,0.8640284119736175,True
9,1,random,16,557,191,397,215,215,191,SSTF,0.9269521410579346,False
9,1,random,14,726,186,393,186,186,186,SCAN,0.955503512880562,True
9,1,random,15,929,187,361,187,187,187,SCAN,0.955503512880562,True
9,1,random,14,905,316,393,304,304,304,SSTF,0.8883792048929664,True
9,1,random,16,1056,297,359,293,293,293,SSTF,0.8640284119736175,True
9,1,random,17,728,218,390,162,162,162,SSTF,0.9269521410579346,True
9,1,random,15,1264,172,172,172,172,172,SSTF,0.8640284119736175,True
9,1,random,13,849,211,385,340,211,211,SCAN,0.6210045662100456,True
9,1,random,21,1279,166,166,166,166,166,SCAN,1.0,True
9,1,random,14,937,290,385,259,259,259,SSTF,0.8640284119736175,True
9,1,random,18,1502,309,376,250,250,250,SSTF,0.8640284119736175,True
9,1,random,20,1301,370,397,376,376,370,SSTF,0.8640284119736175,False
9,1,random,17,1079,276,372,236,236,236,SSTF,0.7128205128205128,True
9,1,random,13,1108,322,387,237,237,237,SSTF,0.8640284119736175,True
9,1,random,9,664,300,374,284,284,284,SSTF,0.7109826589595376,True
9,1,random,18,1111,189,189,189,189,189,SCAN,1.0,True
9,1,random,20,1413,214,396,315,214,214,SCAN,0.6210045662100456,True
9,1,random,11,732,211,392,255,211,211,SCAN,0.6210045662100456,True
9,1,random,20,1012,216,378,138,216,138,SCAN,0.955503512880562,False
9,1,random,18,1450,243,371,341,243,243,SCAN,0.6210045662100456,True
9,1,random,20,1286,229,397,340,229,229,SCAN,0.6210045662100456,True
9,1,random,10,491,291,341,271,271,271,SSTF,0.9778516057585825,True
9,1,random,16,1002,339,392,211,211,211,SSTF,0.8640284119736175,True
9,1,random,16,955,173,380,173,173,173,SCAN,0.955503512880562,True
9,1,random,17,1163,211,395,205,211,205,SCAN,0.6210045662100456,False
9,1,random,12,667,195,383,195,195,195,SCAN,0.955503512880562,True
9,1,random,9,613,297,361,237,237,237,SSTF,0.8883792048929664,True
9,1,random,12,695,324,382,242,242,242,SSTF,0.8883792048929664,True
9,1,random,13,796,235,385,229,235,229,SCAN,0.6210045662100456,False
9,1,random,18,1350,213,396,363,213,213,SCAN,0.6210045662100456,True
9,1,random,24,1804,284,395,285,285,284,SSTF,0.7128205128205128,False
9,1,random,14,865,341,396,230,230,230,SSTF,0.8640284119736175,True
9,1,random,19,1235,185,185,185,185,185,SCAN,1.0,True
9,1,random,11,963,263,388,313,263,263,SCAN,0.6210045662100456,True
9,1,random,13,1067,214,387,190,214,190,SCAN,0.6210045662100456,False
9,1,random,11,955,371,381,222,222,222,SSTF,0.8640284119736175,True
9,1,random,19,1945,198,198,198,198,198,SCAN,1.0,True
9,1,random,16,1005,302,389,291,291,291,SSTF,0.7109826589595376,True
9,1,random,10,812,294,383,266,266,266,SSTF,0.8640284119736175,True
9,1,random,12,823,310,370,282,282,282,SSTF,0.8883792048929664,True
9,1,random,14,929,282,387,285,285,282,SSTF,0.7128205128205128,False
9,1,random,10,474,317,383,168,168,168,SSTF,0.8883792048929664,True
9,1,random,22,1430,331,389,327,327,327,SSTF,0.8640284119736175,True
9,1,random,9,713,262,392,248,262,248,SCAN,0.6210045662100456,False
9,1,random,19,1078,293,392,195,195,195,SSTF,0.8883792048929664,True
9,1,random,12,735,337,375,241,241,241,SSTF,0.8640284119736175,True
9,1,random,16,1088,249,392,324,249,249,SCAN,0.6210045662100456,True
9,1,random,18,1041,166,393,166,166,166,SCAN,0.955503512880562,True
9,1,random,19,1024,214,371,196,214,196,SCAN,0.6210045662100456,False
9,1,random,15,795,347,389,180,180,180,SSTF,0.8883792048929664,True
9,1,random,13,532,229,358,165,229,165,SCAN,0.6210045662100456,False
9,1,random,15,714,216,389,148,148,148,SSTF,0.6009852216748769,True
9,1,random,18,876,289,385,289,289,289,SSTF,0.9778516057585825,True
9,2,bursty,74,778,153,330,153,153,153,SCAN,0.9941451990632318,True
9,2,bursty,10,159,91,91,91,91,91,SCAN,0.9629629629629629,True
9,2,bursty,28,246,68,397,63,63,63,SSTF,0.6009852216748769,True
9,2,bursty,26,257,41,41,41,41,41,SCAN,1.0,True
9,2,bursty,27,401,135,352,135,135,135,SCAN,0.9941451990632318,True
9,2,bursty,34,334,366,396,34,34,34,SSTF,0.9778516057585825,True
9,2,bursty,14,281,147,281,147,147,147,SCAN,0.9695431472081218,True
9,2,bursty,29,388,107,107,107,107,107,SCAN,1.0,True
9,2,bursty,54,744,343,397,183,183,183,SSTF,0.8640284119736175,True
9,2,bursty,26,333,83,83,83,83,83,SCAN,1.0,True
9,2,bursty,47,585,141,141,141,141,141,SCAN,1.0,True
9,2,bursty,112,1574,172,172,172,172,172,SCAN,1.0,True
9,2,bursty,10,167,109,317,109,109,109,SCAN,0.9695431472081218,True
9,2,bursty,22,400,119,322,119,119,119,SCAN,0.9941451990632318,True
9,2,bursty,39,580,142,142,142,142,142,SCAN,1.0,True
9,2,bursty,60,680,160,397,152,152,152,SSTF,0.6009852216748769,True
9,2,bursty,21,294,88,347,88,88,88,SCAN,0.9941451990632318,True
9,2,bursty,76,1810,317,397,130,130,130,SSTF,0.9778516057585825,True
9,2,bursty,32,342,132,389,68,68,68,SSTF,0.9269521410579346,True
9,2,bursty,50,647,144,144,144,144,144,SCAN,1.0,True
9,2,bursty,101,990,99,99,99,99,99,SCAN,1.0,True
9,2,bursty,32,382,58,58,58,58,58,SCAN,1.0,True
9,2,bursty,36,436,165,165,165,165,165,SCAN,1.0,True
9,2,bursty,39,403,94,94,94,94,94,SCAN,1.0,True
9,2,bursty,89,1063,222,397,256,222,222,SCAN,0.853448275862069,True
9,2,bursty,19,316,69,69,69,69,69,SCAN,1.0,True
9,2,bursty,15,93,19,19,19,19,19,SSTF,0.8883792048929664,True
9,2,bursty,28,213,65,365,65,65,65,SCAN,0.9941451990632318,True
9,2,bursty,52,589,205,397,136,136,136,SSTF,0.9269521410579346,True
9,2,bursty,59,724,150,393,80,80,80,SSTF,0.6009852216748769,True
9,2,bursty,33,423,106,315,106,106,106,SCAN,0.9941451990632318,True
9,2,bursty,55,670,177,177,177,177,177,SCAN,1.0,True
9,2,bursty,29,358,68,367,68,68,68,SCAN,0.9941451990632318,True
9,2,bursty,30,289,41,397,49,49,41,SSTF,0.6009852216748769,False
9,2,bursty,35,567,184,376,184,184,184,SCAN,0.955503512880562,True
9,2,bursty,11,149,44,384,44,44,44,SCAN,0.9695431472081218,True
9,2,bursty,11,83,25,25,25,25,25,SCAN,1.0,True
9,2,bursty,27,357,193,397,155,155,155,SSTF,0.9269521410579346,True
9,2,bursty,51,563,303,395,140,140,140,SSTF,0.8883792048929664,True
9,2,bursty,14,206,159,159,159,159,159,SCAN,1.0,True
9,2,bursty,24,397,171,171,171,171,171,SCAN,1.0,True
9,2,bursty,193,2532,288,397,297,288,288,SCAN,0.6210045662100456,True
9,2,bursty,52,396,374,396,78,78,78,SSTF,0.9778516057585825,True
9,2,bursty,72,923,229,387,169,169,169,SSTF,0.9269521410579346,True
9,2,bursty,23,315,91,350,91,91,91,SCAN,0.9941451990632318,True
9,2,bursty,38,431,269,393,130,130,130,SSTF,0.9778516057585825,True
9,2,bursty,62,709,232,389,110,110,110,SSTF,0.9269521410579346,True
9,2,bursty,21,271,70,70,70,70,70,SCAN,1.0,True
9,2,bursty,35,459,110,391,50,50,50,SSTF,0.6009852216748769,True
9,2,bursty,30,265,347,396,53,53,53,SSTF,0.8883792048929664,True
9,2,bursty,38,405,66,66,66,66,66,SCAN,1.0,True
9,2,bursty,24,131,389,397,42,42,42,SSTF,0.9778516057585825,True
9,2,bursty,19,241,159,394,49,49,49,SSTF,0.9269521410579346,True
9,2,bursty,108,1469,190,190,190,190,190,SCAN,1.0,True
9,2,bursty,80,1312,195,195,195,195,195,SCAN,1.0,True
9,2,bursty,15,207,57,376,57,57,57,SCAN,0.9695431472081218,True
9,2,bursty,33,1066,205,374,197,205,197,SCAN,0.5265423242467718,False
9,2,bursty,30,444,82,355,82,82,82,SCAN,0.9941451990632318,True
9,2,bursty,30,353,62,368,62,62,62,SCAN,0.9941451990632318,True
9,2,bursty,12,163,94,330,94,94,94,SCAN,0.9695431472081218,True
9,2,bursty,60,822,306,337,288,288,288,SSTF,0.8640284119736175,True
9,2,bursty,38,438,120,313,120,120,120,SCAN,0.9941451990632318,True
9,2,bursty,32,371,107,322,107,107,107,SCAN,0.9941451990632318,True
9,2,bursty,25,252,39,386,39,39,39,SCAN,0.9941451990632318,True
9,2,bursty,13,199,109,311,109,109,109,SCAN,0.9695431472081218,True
9,2,bursty,12,223,133,295,133,133,133,SCAN,0.9695431472081218,True
9,2,bursty,67,808,65,376,65,65,65,SCAN,0.9941451990632318,True
9,2,bursty,37,373,45,45,45,45,45,SCAN,1.0,True
9,2,bursty,35,333,54,384,54,54,54,SCAN,0.9941451990632318,True
9,3,sequential,21,56,56,359,56,56,56,FCFS,1.0,True
9,3,sequential,18,87,73,73,73,73,73,SCAN,1.0,True
9,3,sequential,23,124,124,293,124,124,124,FCFS,1.0,True
9,3,sequential,24,79,79,339,79,79,79,FCFS,1.0,True
9,3,sequential,22,86,86,330,86,86,86,FCFS,1.0,True
9,3,sequential,21,54,54,361,54,54,54,FCFS,1.0,True
9,3,sequential,19,321,277,290,277,277,277,SCAN,0.6210045662100456,True
9,3,sequential,20,106,90,90,90,90,90,SCAN,1.0,True
9,3,sequential,35,55,93,397,55,55,55,FCFS,0.8,True
9,3,sequential,25,92,71,71,71,71,71,SCAN,1.0,True
9,3,sequential,12,15,157,397,15,15,15,FCFS,0.8,True
9,3,sequential,21,48,48,367,48,48,48,FCFS,1.0,True
9,3,sequential,25,86,65,65,65,65,65,SCAN,1.0,True
9,3,sequential,22,79,79,337,79,79,79,FCFS,1.0,True
9,3,sequential,24,120,120,298,120,120,120,FCFS,1.0,True
9,3,sequential,20,26,346,397,26,26,26,FCFS,1.0,True
9,3,sequential,27,232,387,397,232,232,232,SSTF,0.9778516057585825,True
9,3,sequential,17,104,90,90,90,90,90,SCAN,1.0,True
9,3,sequential,31,192,166,166,166,166,166,SCAN,1.0,True
9,3,sequential,24,59,40,40,40,40,40,SCAN,1.0,True
9,3,sequential,13,47,36,36,36,36,36,SCAN,1.0,True
9,3,sequential,19,34,18,18,18,18,18,SCAN,1.0,True
9,3,sequential,17,65,51,51,51,51,51,SCAN,1.0,True
9,3,sequential,19,55,39,39,39,39,39,SCAN,1.0,True
9,3,sequential,17,83,70,70,70,70,70,SCAN,1.0,True
9,3,sequential,17,46,32,32,32,32,32,SCAN,1.0,True
9,3,sequential,23,162,162,255,162,162,162,FCFS,1.0,True
9,3,sequential,21,151,151,264,151,151,151,FCFS,1.0,True
9,3,sequential,23,324,280,291,280,280,280,SSTF,0.7128205128205128,True
9,3,sequential,19,115,100,100,100,100,100,SCAN,1.0,True
9,3,sequential,21,30,30,385,30,30,30,FCFS,1.0,True
9,3,sequential,30,169,144,144,144,144,144,SCAN,1.0,True
9,3,sequential,20,49,49,365,49,49,49,FCFS,1.0,True
9,3,sequential,27,88,66,66,66,66,66,SCAN,1.0,True
9,3,sequential,16,16,232,397,16,16,16,FCFS,1.0,True
9,3,sequential,15,89,77,77,77,77,77,SCAN,1.0,True
9,3,sequential,31,46,316,397,46,46,46,FCFS,0.6,True
9,3,sequential,25,30,30,389,30,30,30,FCFS,0.9,True
9,3,sequential,22,290,308,324,289,289,289,SSTF,0.8640284119736175,True
9,3,sequential,22,207,189,189,189,189,189,SCAN,1.0,True
9,3,sequential,31,146,121,121,121,121,121,SCAN,1.0,True
9,3,sequential,17,49,49,363,49,49,49,FCFS,0.9,True
9,3,sequential,27,49,27,27,27,27,27,SCAN,1.0,True
9,3,sequential,20,96,80,80,80,80,80,SCAN,1.0,True
9,3,sequential,20,81,64,64,64,64,64,SCAN,1.0,True
9,3,sequential,19,84,84,330,84,84,84,FCFS,1.0,True
9,3,sequential,27,43,43,377,43,43,43,FCFS,1.0,True
9,3,sequential,25,115,115,304,115,115,115,FCFS,1.0,True
9,3,sequential,26,288,311,330,286,286,286,SSTF,0.8640284119736175,True
9,3,sequential,21,54,37,37,37,37,37,SCAN,1.0,True
9,3,sequential,21,124,107,107,107,107,107,SCAN,1.0,True
9,3,sequential,24,180,160,160,160,160,160,SCAN,1.0,True
9,3,sequential,29,94,70,70,70,70,70,SCAN,1.0,True
9,3,sequential,24,123,103,103,103,103,103,SCAN,1.0,True
9,3,sequential,27,97,97,323,97,97,97,FCFS,1.0,True
9,3,sequential,23,30,30,387,30,30,30,FCFS,1.0,True
9,3,sequential,22,91,91,325,91,91,91,FCFS,1.0,True
9,3,sequential,18,43,43,370,43,43,43,FCFS,1.0,True
9,3,sequential,13,52,52,357,52,52,52,FCFS,1.0,True
9,3,sequential,21,392,216,221,216,216,216,SSTF,0.7128205128205128,True
9,3,sequential,17,118,105,105,105,105,105,SCAN,1.0,True
9,3,sequential,32,131,104,104,104,104,104,SCAN,1.0,True
9,3,sequential,17,94,81,81,81,81,81,SCAN,1.0,True
9,3,sequential,33,60,32,32,32,32,32,SCAN,1.0,True
9,3,sequential,30,25,219,397,25,25,25,FCFS,1.0,True
9,3,sequential,23,23,23,394,23,23,23,FCFS,1.0,True
9,3,sequential,23,138,138,279,138,138,138,FCFS,1.0,True
9,3,sequential,24,56,36,36,36,36,36,SCAN,1.0,True
9,3,sequential,27,249,353,369,244,244,244,SSTF,0.8640284119736175,True
9,3,sequential,16,30,17,17,17,17,17,SCAN,1.0,True
9,3,sequential,20,45,29,29,29,29,29,SCAN,1.0,True
9,3,sequential,14,124,113,113,113,113,113,SCAN,1.0,True
9,3,sequential,28,48,48,373,48,48,48,FCFS,1.0,True
9,3,sequential,23,138,119,119,119,119,119,SCAN,1.0,True
9,3,sequential,18,25,25,387,25,25,25,FCFS,1.0,True
9,3,sequential,13,73,73,335,73,73,73,FCFS,1.0,True
9,3,sequential,20,86,69,69,69,69,69,SCAN,1.0,True
9,3,sequential,27,66,66,355,66,66,66,FCFS,0.9,True
9,3,sequential,25,29,29,389,29,29,29,FCFS,1.0,True
9,3,sequential,19,34,18,18,18,18,18,SCAN,1.0,True
9,3,sequential,14,344,262,264,262,262,262,SSTF,0.7128205128205128,True
9,3,sequential,19,175,159,159,159,159,159,SCAN,1.0,True
9,3,sequential,24,64,44,44,44,44,44,SCAN,1.0,True
9,3,sequential,19,169,153,153,153,153,153,SCAN,1.0,True
9,3,sequential,23,53,34,34,34,34,34,SCAN,1.0,True
9,3,sequential,24,103,83,83,83,83,83,SCAN,1.0,True
9,3,sequential,23,73,73,344,73,73,73,FCFS,1.0,True
9,3,sequential,21,109,109,306,109,109,109,FCFS,1.0,True
9,3,sequential,28,28,28,393,28,28,28,FCFS,1.0,True
9,3,sequential,29,53,29,29,29,29,29,SCAN,1.0,True
9,3,sequential,22,373,232,241,232,232,232,SSTF,0.7128205128205128,True
9,3,sequential,16,15,15,396,15,15,15,FCFS,1.0,True
9,3,sequential,21,48,31,31,31,31,31,SCAN,1.0,True
9,3,sequential,18,85,71,71,71,71,71,SCAN,1.0,True
9,3,sequential,20,72,56,56,56,56,56,SCAN,1.0,True
9,3,sequential,24,92,72,72,72,72,72,SCAN,1.0,True
9,3,sequential,23,87,87,330,87,87,87,FCFS,1.0,True
9,3,sequential,25,101,101,317,101,101,101,FCFS,1.0,True
9,3,sequential,26,98,98,322,98,98,98,FCFS,0.9,True
9,3,sequential,25,82,82,337,82,82,82,FCFS,0.9,True
